"month","hour"
"01","00"
"01","23"
"01","23"
"01","22"
"01","22"
"01","21"
"01","21"
"01","20"
"01","20"
"01","19"
"01","19"
"01","18"
"01","18"
"01","17"
"01","17"
"01","17"
"01","16"
"01","16"
"01","16"
"01","15"
"01","15"
"01","14"
"01","14"
"01","14"
"01","13"
"01","13"
"01","10"
"01","10"
"01","09"
"01","07"
"01","06"
"01","06"
"01","05"
"01","05"
"01","04"
"01","04"
"01","03"
"01","03"
"01","02"
"01","02"
"01","01"
"01","01"
"01","00"
"01","00"
"01","00"
"01","23"
"01","23"
"01","22"
"01","22"
"01","21"
"01","21"
"01","20"
"01","20"
"01","19"
"01","19"
"01","19"
"01","18"
"01","18"
"01","17"
"01","17"
"01","16"
"01","16"
"01","15"
"01","15"
"01","14"
"01","14"
"01","13"
"01","13"
"01","12"
"01","12"
"01","10"
"01","10"
"01","09"
"01","08"
"01","07"
"01","07"
"01","06"
"01","06"
"01","05"
"01","05"
"01","04"
"01","04"
"01","03"
"01","03"
"01","02"
"01","02"
"01","02"
"01","01"
"01","01"
"01","01"
"01","00"
"01","00"
"01","23"
"01","23"
"01","22"
"01","22"
"01","22"
"01","21"
"01","21"
"01","21"
"01","20"
"01","20"
"01","19"
"01","19"
"01","18"
"01","18"
"01","17"
"01","17"
"01","17"
"01","16"
"01","16"
"01","16"
"01","15"
"01","15"
"01","15"
"01","14"
"01","14"
"01","13"
"01","13"
"01","13"
"01","12"
"01","12"
"01","12"
"01","11"
"01","11"
"01","11"
"01","10"
"01","09"
"01","08"
"01","07"
"01","06"
"01","05"
"01","05"
"01","04"
"01","04"
"01","03"
"01","03"
"01","02"
"01","02"
"01","01"
"01","01"
"01","00"
"01","00"
"01","23"
"01","23"
"01","22"
"01","22"
"01","22"
"01","21"
"01","21"
"01","21"
"01","20"
"01","20"
"01","19"
"01","19"
"01","18"
"01","18"
"01","18"
"01","17"
"01","17"
"01","17"
"01","16"
"01","16"
"01","16"
"01","15"
"01","15"
"01","14"
"01","14"
"01","13"
"01","13"
"01","13"
"01","12"
"01","12"
"01","12"
"01","11"
"01","08"
"01","06"
"01","05"
"01","05"
"01","05"
"01","04"
"01","04"
"01","03"
"01","03"
"01","02"
"01","02"
"01","01"
"01","01"
"01","01"
"01","00"
"01","23"
"01","23"
"01","22"
"01","22"
"01","21"
"01","21"
"01","20"
"01","20"
"01","19"
"01","19"
"01","19"
"01","18"
"01","18"
"01","17"
"01","17"
"01","16"
"01","16"
"01","15"
"01","15"
"01","14"
"01","14"
"01","12"
"01","10"
"01","08"
"01","06"
"01","04"
"01","02"
"01","00"
"01","22"
"01","22"
"01","21"
"01","21"
"01","21"
"01","20"
"01","19"
"01","19"
"01","19"
"01","18"
"01","18"
"01","18"
"01","17"
"01","17"
"01","16"
"01","16"
"01","15"
"01","15"
"01","15"
"01","14"
"01","12"
"01","10"
"01","09"
"01","06"
"01","05"
"01","05"
"01","04"
"01","03"
"01","02"
"01","01"
"01","01"
"01","01"
"01","00"
"01","23"
"01","22"
"01","22"
"01","21"
"01","21"
"01","20"
"01","20"
"01","19"
"01","19"
"01","19"
"01","18"
"01","18"
"01","17"
"01","17"
"01","16"
"01","16"
"01","15"
"01","15"
"01","14"
"01","14"
"01","13"
"01","13"
"01","12"
"01","12"
"01","12"
"01","12"
"01","11"
"01","11"
"01","11"
"01","10"
"01","09"
"01","08"
"01","07"
"01","06"
"01","05"
"01","05"
"01","04"
"01","04"
"01","03"
"01","02"
"01","02"
"01","01"
"01","01"
"01","00"
"01","00"
"01","23"
"01","23"
"01","22"
"01","22"
"01","21"
"01","21"
"01","20"
"01","20"
"01","19"
"01","19"
"01","19"
"01","18"
"01","18"
"01","17"
"01","17"
"01","17"
"01","16"
"01","16"
"01","15"
"01","15"
"01","14"
"01","14"
"01","14"
"01","13"
"01","13"
"01","12"
"01","11"
"01","11"
"01","10"
"01","09"
"01","09"
"01","07"
"01","06"
"01","06"
"01","05"
"01","05"
"01","04"
"01","04"
"01","03"
"01","03"
"01","02"
"01","02"
"01","02"
"01","01"
"01","01"
"01","00"
"01","00"
"01","23"
"01","23"
"01","22"
"01","22"
"01","21"
"01","21"
"01","20"
"01","20"
"01","20"
"01","19"
"01","19"
"01","19"
"01","18"
"01","18"
"01","17"
"01","17"
"01","16"
"01","16"
"01","16"
"01","15"
"01","15"
"01","14"
"01","14"
"01","14"
"01","13"
"01","13"
"01","12"
"01","11"
"01","11"
"01","11"
"01","10"
"01","10"
"01","10"
"01","09"
"01","07"
"01","06"
"01","06"
"01","05"
"01","05"
"01","04"
"01","04"
"01","04"
"01","04"
"01","04"
"01","03"
"01","03"
"01","03"
"01","02"
"01","02"
"01","02"
"01","02"
"01","02"
"01","01"
"01","01"
"01","01"
"01","01"
"01","00"
"01","00"
"01","00"
"01","23"
"01","23"
"01","22"
"01","22"
"01","21"
"01","21"
"01","21"
"01","20"
"01","20"
"01","19"
"01","19"
"01","18"
"01","18"
"01","18"
"01","17"
"01","17"
"01","16"
"01","16"
"01","15"
"01","15"
"01","15"
"01","14"
"01","14"
"01","13"
"01","13"
"01","12"
"01","12"
"01","12"
"01","11"
"01","11"
"01","10"
"01","10"
"01","09"
"01","08"
"01","07"
"01","06"
"01","06"
"01","05"
"01","05"
"01","05"
"01","04"
"01","04"
"01","03"
"01","03"
"01","03"
"01","02"
"01","02"
"01","02"
"01","01"
"01","01"
"01","01"
"01","00"
"01","00"
"01","23"
"01","23"
"01","22"
"01","22"
"01","21"
"01","21"
"01","20"
"01","20"
"01","19"
"01","19"
"01","18"
"01","18"
"01","17"
"01","17"
"01","16"
"01","16"
"01","15"
"01","15"
"01","14"
"01","14"
"01","13"
"01","13"
"01","12"
"01","12"
"01","12"
"01","11"
"01","11"
"01","10"
"01","10"
"01","09"
"01","08"
"01","07"
"01","07"
"01","06"
"01","06"
"01","05"
"01","05"
"01","05"
"01","04"
"01","04"
"01","04"
"01","03"
"01","02"
"01","02"
"01","01"
"01","01"
"01","00"
"01","00"
"01","23"
"01","22"
"01","22"
"01","21"
"01","21"
"01","20"
"01","20"
"01","19"
"01","19"
"01","19"
"01","18"
"01","18"
"01","17"
"01","17"
"01","16"
"01","16"
"01","16"
"01","15"
"01","15"
"01","14"
"01","13"
"01","12"
"01","10"
"01","08"
"01","07"
"01","06"
"01","06"
"01","05"
"01","04"
"01","03"
"01","02"
"01","02"
"01","01"
"01","23"
"01","22"
"01","22"
"01","21"
"01","21"
"01","20"
"01","20"
"01","19"
"01","19"
"01","18"
"01","18"
"01","17"
"01","17"
"01","16"
"01","16"
"01","15"
"01","15"
"01","14"
"01","13"
"01","12"
"01","11"
"01","10"
"01","09"
"01","06"
"01","05"
"01","05"
"01","04"
"01","04"
"01","03"
"01","03"
"01","02"
"01","02"
"01","01"
"01","01"
"01","00"
"01","00"
"01","23"
"01","23"
"01","22"
"01","22"
"01","21"
"01","21"
"01","20"
"01","20"
"01","19"
"01","19"
"01","19"
"01","18"
"01","18"
"01","18"
"01","18"
"01","17"
"01","17"
"01","16"
"01","16"
"01","16"
"01","15"
"01","15"
"01","15"
"01","14"
"01","14"
"01","13"
"01","13"
"01","13"
"01","12"
"01","12"
"01","11"
"01","11"
"01","10"
"01","09"
"01","07"
"01","06"
"01","05"
"01","05"
"01","04"
"01","04"
"01","03"
"01","03"
"01","02"
"01","02"
"01","02"
"01","01"
"01","01"
"01","00"
"01","00"
"01","23"
"01","23"
"01","22"
"01","22"
"01","21"
"01","21"
"01","20"
"01","20"
"01","19"
"01","19"
"01","18"
"01","18"
"01","18"
"01","17"
"01","17"
"01","17"
"01","16"
"01","16"
"01","15"
"01","15"
"01","15"
"01","14"
"01","14"
"01","13"
"01","13"
"01","13"
"01","12"
"01","11"
"01","10"
"01","09"
"01","08"
"01","07"
"01","06"
"01","06"
"01","05"
"01","05"
"01","04"
"01","04"
"01","03"
"01","03"
"01","02"
"01","02"
"01","01"
"01","01"
"01","01"
"01","00"
"01","00"
"01","00"
"01","23"
"01","23"
"01","23"
"01","22"
"01","22"
"01","22"
"01","21"
"01","21"
"01","20"
"01","20"
"01","20"
"01","19"
"01","19"
"01","18"
"01","18"
"01","17"
"01","17"
"01","16"
"01","16"
"01","15"
"01","15"
"01","14"
"01","14"
"01","13"
"01","13"
"01","12"
"01","12"
"01","11"
"01","10"
"01","09"
"01","07"
"01","06"
"01","05"
"01","05"
"01","04"
"01","04"
"01","04"
"01","03"
"01","03"
"01","03"
"01","02"
"01","02"
"01","01"
"01","01"
"01","00"
"01","00"
"01","23"
"01","23"
"01","22"
"01","21"
"01","21"
"01","20"
"01","20"
"01","20"
"01","19"
"01","19"
"01","19"
"01","18"
"01","18"
"01","17"
"01","17"
"01","16"
"01","16"
"01","15"
"01","15"
"01","14"
"01","14"
"01","13"
"01","13"
"01","11"
"01","10"
"01","09"
"01","07"
"01","06"
"01","05"
"01","05"
"01","04"
"01","04"
"01","03"
"01","03"
"01","02"
"01","02"
"01","01"
"01","01"
"01","00"
"01","00"
"01","23"
"01","23"
"01","22"
"01","22"
"01","21"
"01","21"
"01","20"
"01","20"
"01","20"
"01","19"
"01","19"
"01","19"
"01","19"
"01","19"
"01","18"
"01","18"
"01","17"
"01","17"
"01","17"
"01","16"
"01","16"
"01","15"
"01","15"
"01","14"
"01","14"
"01","13"
"01","13"
"01","13"
"01","10"
"01","08"
"01","07"
"01","06"
"01","05"
"01","04"
"01","04"
"01","03"
"01","02"
"01","01"
"01","00"
"01","23"
"01","23"
"01","22"
"01","22"
"01","22"
"01","21"
"01","21"
"01","21"
"01","20"
"01","20"
"01","19"
"01","19"
"01","18"
"01","18"
"01","17"
"01","17"
"01","17"
"01","16"
"01","16"
"01","15"
"01","15"
"01","12"
"01","11"
"01","10"
"01","08"
"01","06"
"01","04"
"01","02"
"01","00"
"01","23"
"01","22"
"01","22"
"01","22"
"01","21"
"01","21"
"01","20"
"01","20"
"01","19"
"01","19"
"01","19"
"01","18"
"01","18"
"01","17"
"01","17"
"01","16"
"01","16"
"01","15"
"01","15"
"01","14"
"01","13"
"01","12"
"01","10"
"01","08"
"01","06"
"01","05"
"01","04"
"01","03"
"01","01"
"01","00"
"01","23"
"01","23"
"01","22"
"01","22"
"01","21"
"01","21"
"01","20"
"01","20"
"01","20"
"01","19"
"01","19"
"01","18"
"01","18"
"01","17"
"01","17"
"01","16"
"01","16"
"01","15"
"01","15"
"01","15"
"01","14"
"01","14"
"01","14"
"01","13"
"01","11"
"01","09"
"01","07"
"01","05"
"01","02"
"01","00"
"01","00"
"12","23"
"12","22"
"12","21"
"12","21"
"12","20"
"12","20"
"12","20"
"12","20"
"12","19"
"12","19"
"12","18"
"12","18"
"12","18"
"12","17"
"12","16"
"12","16"
"12","15"
"12","15"
"12","14"
"12","14"
"12","13"
"12","13"
"12","12"
"12","12"
"12","12"
"12","11"
"12","11"
"12","10"
"12","08"
"12","06"
"12","04"
"12","02"
"12","00"
"12","23"
"12","23"
"12","22"
"12","22"
"12","21"
"12","21"
"12","20"
"12","20"
"12","19"
"12","19"
"12","18"
"12","18"
"12","17"
"12","17"
"12","16"
"12","16"
"12","15"
"12","15"
"12","15"
"12","14"
"12","14"
"12","13"
"12","13"
"12","12"
"12","11"
"12","11"
"12","10"
"12","08"
"12","06"
"12","04"
"12","03"
"12","02"
"12","01"
"12","01"
"12","00"
"12","23"
"12","23"
"12","23"
"12","22"
"12","22"
"12","21"
"12","21"
"12","20"
"12","20"
"12","19"
"12","19"
"12","18"
"12","18"
"12","17"
"12","17"
"12","16"
"12","16"
"12","15"
"12","15"
"12","14"
"12","14"
"12","14"
"12","12"
"12","12"
"12","12"
"12","11"
"12","09"
"12","07"
"12","04"
"12","03"
"12","03"
"12","02"
"12","02"
"12","02"
"12","01"
"12","00"
"12","23"
"12","23"
"12","22"
"12","22"
"12","22"
"12","21"
"12","20"
"12","20"
"12","19"
"12","19"
"12","23"
"12","23"
"12","22"
"12","22"
"12","21"
"12","21"
"12","20"
"12","20"
"12","20"
"12","19"
"12","19"
"12","18"
"12","18"
"12","17"
"12","16"
"12","16"
"12","15"
"12","15"
"12","14"
"12","13"
"12","12"
"12","11"
"12","10"
"12","07"
"12","05"
"12","03"
"12","02"
"12","01"
"12","00"
"12","00"
"12","23"
"12","23"
"12","22"
"12","22"
"12","21"
"12","21"
"12","20"
"12","19"
"12","19"
"12","18"
"12","18"
"12","17"
"12","17"
"12","16"
"12","16"
"12","15"
"12","15"
"12","14"
"12","14"
"12","13"
"12","13"
"12","12"
"12","12"
"12","11"
"12","11"
"12","11"
"12","09"
"12","07"
"12","05"
"12","03"
"12","02"
"12","02"
"12","01"
"12","00"
"12","23"
"12","23"
"12","23"
"12","22"
"12","22"
"12","21"
"12","21"
"12","20"
"12","20"
"12","19"
"12","19"
"12","18"
"12","18"
"12","18"
"12","17"
"12","17"
"12","16"
"12","16"
"12","16"
"12","15"
"12","15"
"12","14"
"12","14"
"12","13"
"12","13"
"12","12"
"12","11"
"12","10"
"12","08"
"12","07"
"12","06"
"12","06"
"12","05"
"12","05"
"12","04"
"12","04"
"12","03"
"12","03"
"12","02"
"12","02"
"12","01"
"12","01"
"12","00"
"12","00"
"12","23"
"12","23"
"12","22"
"12","22"
"12","21"
"12","21"
"12","20"
"12","20"
"12","19"
"12","19"
"12","19"
"12","19"
"12","18"
"12","18"
"12","18"
"12","17"
"12","17"
"12","16"
"12","16"
"12","15"
"12","15"
"12","15"
"12","14"
"12","14"
"12","13"
"12","13"
"12","12"
"12","12"
"12","11"
"12","11"
"12","10"
"12","09"
"12","08"
"12","06"
"12","05"
"12","05"
"12","04"
"12","04"
"12","03"
"12","03"
"12","02"
"12","02"
"12","01"
"12","01"
"12","01"
"12","00"
"12","00"
"12","00"
"12","23"
"12","23"
"12","22"
"12","22"
"12","21"
"12","21"
"12","21"
"12","20"
"12","20"
"12","20"
"12","19"
"12","19"
"12","19"
"12","18"
"12","18"
"12","18"
"12","18"
"12","17"
"12","17"
"12","17"
"12","16"
"12","16"
"12","16"
"12","15"
"12","15"
"12","14"
"12","14"
"12","13"
"12","13"
"12","13"
"12","12"
"12","12"
"12","11"
"12","11"
"12","10"
"12","09"
"12","08"
"12","07"
"12","06"
"12","05"
"12","05"
"12","04"
"12","04"
"12","04"
"12","03"
"12","03"
"12","03"
"12","02"
"12","02"
"12","02"
"12","01"
"12","01"
"12","01"
"12","00"
"12","00"
"12","23"
"12","23"
"12","22"
"12","22"
"12","21"
"12","21"
"12","21"
"12","20"
"12","20"
"12","20"
"12","19"
"12","19"
"12","19"
"12","18"
"12","18"
"12","17"
"12","17"
"12","16"
"12","16"
"12","16"
"12","15"
"12","15"
"12","15"
"12","14"
"12","14"
"12","13"
"12","13"
"12","12"
"12","12"
"12","11"
"12","11"
"12","10"
"12","09"
"12","08"
"12","07"
"12","07"
"12","06"
"12","05"
"12","04"
"12","03"
"12","02"
"12","01"
"12","00"
"12","23"
"12","22"
"12","22"
"12","21"
"12","21"
"12","21"
"12","21"
"12","20"
"12","20"
"12","19"
"12","19"
"12","18"
"12","18"
"12","17"
"12","17"
"12","17"
"12","16"
"12","16"
"12","15"
"12","15"
"12","15"
"12","14"
"12","14"
"12","13"
"12","13"
"12","12"
"12","10"
"12","09"
"12","08"
"12","06"
"12","05"
"12","05"
"12","04"
"12","04"
"12","03"
"12","03"
"12","02"
"12","02"
"12","01"
"12","01"
"12","00"
"12","23"
"12","23"
"12","22"
"12","22"
"12","21"
"12","21"
"12","20"
"12","20"
"12","19"
"12","19"
"12","18"
"12","18"
"12","17"
"12","17"
"12","17"
"12","16"
"12","16"
"12","16"
"12","15"
"12","15"
"12","15"
"12","14"
"12","13"
"12","12"
"12","11"
"12","10"
"12","07"
"12","06"
"12","05"
"12","04"
"12","04"
"12","03"
"12","03"
"12","02"
"12","02"
"12","01"
"12","01"
"12","01"
"12","00"
"12","00"
"12","23"
"12","23"
"12","22"
"12","22"
"12","22"
"12","21"
"12","21"
"12","21"
"12","21"
"12","20"
"12","20"
"12","19"
"12","19"
"12","18"
"12","18"
"12","17"
"12","17"
"12","17"
"12","16"
"12","16"
"12","16"
"12","16"
"12","16"
"12","15"
"12","15"
"12","14"
"12","14"
"12","13"
"12","13"
"12","13"
"12","12"
"12","12"
"12","11"
"12","11"
"12","10"
"12","09"
"12","08"
"12","07"
"12","07"
"12","06"
"12","06"
"12","05"
"12","05"
"12","04"
"12","04"
"12","03"
"12","03"
"12","02"
"12","02"
"12","01"
"12","01"
"12","01"
"12","00"
"12","00"
"12","23"
"12","22"
"12","22"
"12","22"
"12","21"
"12","21"
"12","20"
"12","19"
"12","19"
"12","18"
"12","18"
"12","17"
"12","17"
"12","16"
"12","16"
"12","16"
"12","15"
"12","15"
"12","15"
"12","14"
"12","13"
"12","13"
"12","13"
"12","12"
"12","10"
"12","10"
"12","09"
"12","08"
"12","07"
"12","06"
"12","05"
"12","05"
"12","04"
"12","04"
"12","03"
"12","03"
"12","03"
"12","02"
"12","02"
"12","02"
"12","01"
"12","01"
"12","01"
"12","00"
"12","00"
"12","23"
"12","23"
"12","22"
"12","22"
"12","22"
"12","21"
"12","21"
"12","21"
"12","21"
"12","20"
"12","20"
"12","20"
"12","20"
"12","19"
"12","19"
"12","19"
"12","19"
"12","18"
"12","18"
"12","18"
"12","17"
"12","17"
"12","16"
"12","16"
"12","16"
"12","16"
"12","16"
"12","15"
"12","15"
"12","14"
"12","14"
"12","13"
"12","13"
"12","12"
"12","11"
"12","10"
"12","09"
"12","08"
"12","07"
"12","07"
"12","06"
"12","06"
"12","05"
"12","05"
"12","05"
"12","04"
"12","04"
"12","03"
"12","03"
"12","03"
"12","02"
"12","02"
"12","01"
"12","00"
"12","00"
"12","00"
"12","23"
"12","23"
"12","23"
"12","22"
"12","22"
"12","22"
"12","21"
"12","21"
"12","20"
"12","20"
"12","19"
"12","19"
"12","19"
"12","18"
"12","18"
"12","18"
"12","17"
"12","17"
"12","17"
"12","17"
"12","16"
"12","16"
"12","16"
"12","15"
"12","15"
"12","15"
"12","15"
"12","14"
"12","14"
"12","14"
"12","13"
"12","13"
"12","12"
"12","12"
"12","10"
"12","09"
"12","08"
"12","07"
"12","06"
"12","06"
"12","05"
"12","05"
"12","04"
"12","04"
"12","03"
"12","03"
"12","03"
"12","02"
"12","02"
"12","01"
"12","01"
"12","00"
"12","00"
"12","00"
"12","00"
"12","23"
"12","23"
"12","22"
"12","22"
"12","22"
"12","21"
"12","21"
"12","21"
"12","20"
"12","20"
"12","20"
"12","19"
"12","19"
"12","19"
"12","19"
"12","18"
"12","18"
"12","18"
"12","17"
"12","17"
"12","17"
"12","17"
"12","16"
"12","16"
"12","16"
"12","15"
"12","15"
"12","14"
"12","14"
"12","13"
"12","13"
"12","13"
"12","12"
"12","11"
"12","10"
"12","08"
"12","06"
"12","05"
"12","04"
"12","04"
"12","03"
"12","02"
"12","01"
"12","00"
"12","23"
"12","23"
"12","22"
"12","22"
"12","21"
"12","21"
"12","20"
"12","20"
"12","19"
"12","19"
"12","19"
"12","18"
"12","18"
"12","17"
"12","17"
"12","16"
"12","16"
"12","15"
"12","15"
"12","15"
"12","14"
"12","14"
"12","11"
"12","10"
"12","08"
"12","06"
"12","04"
"12","02"
"12","00"
"12","23"
"12","22"
"12","22"
"12","21"
"12","21"
"12","20"
"12","20"
"12","19"
"12","19"
"12","18"
"12","18"
"12","18"
"12","18"
"12","17"
"12","17"
"12","16"
"12","16"
"12","15"
"12","15"
"12","14"
"12","13"
"12","12"
"12","11"
"12","10"
"12","09"
"12","07"
"12","06"
"12","05"
"12","05"
"12","04"
"12","04"
"12","03"
"12","03"
"12","02"
"12","02"
"12","01"
"12","01"
"12","01"
"12","00"
"12","00"
"12","23"
"12","23"
"12","23"
"12","22"
"12","22"
"12","22"
"12","21"
"12","21"
"12","21"
"12","21"
"12","20"
"12","20"
"12","20"
"12","19"
"12","19"
"12","18"
"12","18"
"12","18"
"12","17"
"12","17"
"12","17"
"12","16"
"12","16"
"12","16"
"12","16"
"12","15"
"12","15"
"12","14"
"12","14"
"12","13"
"12","13"
"12","12"
"12","12"
"12","11"
"12","11"
"12","10"
"12","09"
"12","08"
"12","07"
"12","06"
"12","05"
"12","05"
"12","04"
"12","04"
"12","04"
"12","03"
"12","03"
"12","02"
"12","02"
"12","01"
"12","01"
"12","00"
"12","00"
"12","23"
"12","23"
"12","22"
"12","22"
"12","21"
"12","21"
"12","20"
"12","20"
"12","19"
"12","19"
"12","18"
"12","18"
"12","17"
"12","17"
"12","17"
"12","17"
"12","16"
"12","16"
"12","16"
"12","15"
"12","15"
"12","14"
"12","14"
"12","14"
"12","13"
"12","13"
"12","12"
"12","12"
"12","12"
"12","11"
"12","11"
"12","10"
"12","09"
"12","08"
"12","07"
"12","06"
"12","06"
"12","05"
"12","05"
"12","04"
"12","04"
"12","03"
"12","03"
"12","02"
"12","02"
"12","01"
"12","01"
"12","00"
"12","00"
"12","23"
"12","23"
"12","23"
"12","22"
"12","22"
"12","21"
"12","21"
"12","20"
"12","20"
"12","19"
"12","19"
"12","18"
"12","18"
"12","17"
"12","17"
"12","16"
"12","16"
"12","15"
"12","15"
"12","14"
"12","14"
"12","13"
"12","13"
"12","12"
"12","12"
"12","11"
"12","11"
"12","10"
"12","09"
"12","08"
"12","07"
"12","06"
"12","05"
"12","05"
"12","04"
"12","04"
"12","04"
"12","03"
"12","03"
"12","02"
"12","02"
"12","01"
"12","01"
"12","00"
"12","00"
"12","23"
"12","23"
"12","23"
"12","22"
"12","22"
"12","22"
"12","21"
"12","21"
"12","20"
"12","20"
"12","19"
"12","19"
"12","19"
"12","18"
"12","18"
"12","17"
"12","17"
"12","17"
"12","16"
"12","16"
"12","16"
"12","15"
"12","15"
"12","14"
"12","14"
"12","14"
"12","13"
"12","13"
"12","12"
"12","12"
"12","11"
"12","11"
"12","10"
"12","10"
"12","09"
"12","08"
"12","07"
"12","06"
"12","06"
"12","05"
"12","05"
"12","04"
"12","04"
"12","03"
"12","03"
"12","02"
"12","02"
"12","02"
"12","01"
"12","01"
"12","00"
"12","00"
"12","23"
"12","23"
"12","22"
"12","22"
"12","22"
"12","21"
"12","21"
"12","21"
"12","20"
"12","20"
"12","20"
"12","20"
"12","19"
"12","19"
"12","19"
"12","18"
"12","18"
"12","17"
"12","17"
"12","16"
"12","16"
"12","15"
"12","15"
"12","14"
"12","14"
"12","14"
"12","13"
"12","13"
"12","13"
"12","12"
"12","12"
"12","11"
"12","10"
"12","08"
"12","06"
"12","05"
"12","05"
"12","04"
"12","04"
"12","04"
"12","04"
"12","03"
"12","03"
"12","03"
"12","02"
"12","02"
"12","02"
"12","01"
"12","01"
"12","00"
"12","23"
"12","22"
"12","22"
"12","21"
"12","21"
"12","20"
"12","20"
"12","20"
"12","19"
"12","19"
"12","19"
"12","18"
"12","18"
"12","17"
"12","17"
"12","17"
"12","16"
"12","16"
"12","16"
"12","15"
"12","15"
"12","14"
"12","13"
"12","11"
"12","08"
"12","07"
"12","06"
"12","05"
"12","04"
"12","02"
"12","01"
"12","00"
"12","00"
"12","22"
"12","22"
"12","22"
"12","21"
"12","21"
"12","20"
"12","20"
"12","19"
"12","19"
"12","18"
"12","18"
"12","17"
"12","17"
"12","16"
"12","16"
"12","15"
"12","15"
"12","14"
"12","13"
"12","12"
"12","11"
"12","10"
"12","07"
"12","06"
"12","05"
"12","04"
"12","04"
"12","03"
"12","03"
"12","03"
"12","02"
"12","01"
"12","01"
"12","01"
"12","00"
"12","00"
"12","23"
"12","23"
"12","23"
"12","23"
"12","22"
"12","22"
"12","21"
"12","21"
"12","21"
"12","20"
"12","20"
"12","20"
"12","19"
"12","19"
"12","19"
"12","19"
"12","18"
"12","18"
"12","17"
"12","17"
"12","23"
"12","23"
"12","22"
"12","21"
"12","21"
"12","20"
"12","20"
"12","20"
"12","19"
"12","19"
"12","19"
"12","18"
"12","18"
"12","17"
"12","17"
"12","16"
"12","16"
"12","15"
"12","15"
"12","15"
"12","14"
"12","14"
"12","13"
"12","13"
"12","12"
"12","11"
"12","10"
"12","10"
"12","09"
"12","08"
"12","07"
"12","06"
"12","05"
"12","05"
"12","04"
"12","04"
"12","04"
"12","03"
"12","03"
"12","03"
"12","02"
"12","02"
"12","01"
"12","01"
"12","00"
"12","00"
"12","23"
"12","23"
"12","23"
"12","22"
"12","22"
"12","22"
"12","21"
"12","21"
"12","20"
"12","20"
"12","20"
"12","20"
"12","19"
"12","19"
"12","18"
"12","18"
"12","18"
"12","18"
"12","17"
"12","17"
"12","17"
"12","17"
"12","16"
"12","16"
"12","16"
"12","15"
"12","15"
"12","15"
"12","14"
"12","14"
"12","13"
"12","13"
"12","13"
"12","12"
"12","11"
"12","10"
"12","10"
"12","09"
"12","09"
"12","08"
"12","07"
"12","06"
"12","05"
"12","05"
"12","04"
"12","04"
"12","04"
"12","03"
"12","03"
"12","02"
"12","02"
"12","02"
"12","01"
"12","01"
"12","00"
"12","00"
"11","23"
"11","23"
"11","22"
"11","22"
"11","22"
"11","21"
"11","21"
"11","21"
"11","21"
"11","20"
"11","20"
"11","20"
"11","19"
"11","19"
"11","19"
"11","19"
"11","18"
"11","18"
"11","17"
"11","17"
"11","17"
"11","16"
"11","16"
"11","15"
"11","15"
"11","14"
"11","14"
"11","13"
"11","13"
"11","13"
"11","12"
"11","12"
"11","11"
"11","10"
"11","10"
"11","08"
"11","06"
"11","05"
"11","04"
"11","03"
"11","01"
"11","01"
"11","00"
"11","00"
"11","23"
"11","23"
"11","22"
"11","22"
"11","21"
"11","21"
"11","20"
"11","20"
"11","20"
"11","20"
"11","19"
"11","19"
"11","18"
"11","18"
"11","18"
"11","17"
"11","17"
"11","16"
"11","16"
"11","15"
"11","15"
"11","15"
"11","14"
"11","13"
"11","12"
"11","11"
"11","08"
"11","07"
"11","05"
"11","03"
"11","02"
"11","00"
"11","23"
"11","23"
"11","22"
"11","22"
"11","21"
"11","21"
"11","20"
"11","20"
"11","19"
"11","19"
"11","18"
"11","18"
"11","18"
"11","17"
"11","17"
"11","16"
"11","16"
"11","15"
"11","15"
"11","14"
"11","14"
"11","13"
"11","11"
"11","10"
"11","08"
"11","06"
"11","06"
"11","05"
"11","05"
"11","04"
"11","03"
"11","03"
"11","02"
"11","01"
"11","00"
"11","00"
"11","00"
"11","23"
"11","23"
"11","22"
"11","22"
"11","21"
"11","21"
"11","20"
"11","20"
"11","19"
"11","19"
"11","19"
"11","18"
"11","18"
"11","17"
"11","17"
"11","16"
"11","16"
"11","15"
"11","15"
"11","14"
"11","14"
"11","10"
"11","08"
"11","06"
"11","05"
"11","04"
"11","02"
"11","01"
"11","00"
"11","22"
"11","22"
"11","21"
"11","21"
"11","20"
"11","20"
"11","20"
"11","19"
"11","19"
"11","18"
"11","18"
"11","17"
"11","17"
"11","16"
"11","16"
"11","15"
"11","15"
"11","14"
"11","13"
"11","12"
"11","11"
"11","10"
"11","09"
"11","07"
"11","06"
"11","05"
"11","04"
"11","04"
"11","03"
"11","03"
"11","02"
"11","02"
"11","01"
"11","01"
"11","00"
"11","00"
"11","23"
"11","23"
"11","22"
"11","22"
"11","21"
"11","21"
"11","21"
"11","20"
"11","19"
"11","19"
"11","18"
"11","18"
"11","18"
"11","17"
"11","17"
"11","17"
"11","16"
"11","16"
"11","15"
"11","15"
"11","13"
"11","12"
"11","12"
"11","11"
"11","11"
"11","10"
"11","10"
"11","09"
"11","08"
"11","07"
"11","06"
"11","06"
"11","05"
"11","05"
"11","05"
"11","04"
"11","04"
"11","03"
"11","03"
"11","03"
"11","02"
"11","02"
"11","01"
"11","01"
"11","00"
"11","00"
"11","23"
"11","23"
"11","23"
"11","22"
"11","22"
"11","22"
"11","21"
"11","21"
"11","21"
"11","20"
"11","20"
"11","19"
"11","18"
"11","18"
"11","18"
"11","17"
"11","17"
"11","16"
"11","16"
"11","16"
"11","15"
"11","15"
"11","14"
"11","14"
"11","13"
"11","13"
"11","13"
"11","12"
"11","12"
"11","11"
"11","10"
"11","09"
"11","09"
"11","07"
"11","06"
"11","06"
"11","05"
"11","05"
"11","04"
"11","04"
"11","03"
"11","03"
"11","03"
"11","02"
"11","02"
"11","02"
"11","01"
"11","01"
"11","01"
"11","00"
"11","00"
"11","23"
"11","23"
"11","23"
"11","22"
"11","22"
"11","22"
"11","21"
"11","21"
"11","21"
"11","20"
"11","20"
"11","20"
"11","19"
"11","19"
"11","19"
"11","18"
"11","18"
"11","18"
"11","17"
"11","17"
"11","17"
"11","16"
"11","16"
"11","15"
"11","15"
"11","14"
"11","14"
"11","13"
"11","13"
"11","12"
"11","11"
"11","09"
"11","07"
"11","05"
"11","05"
"11","04"
"11","04"
"11","04"
"11","03"
"11","03"
"11","02"
"11","01"
"11","01"
"11","01"
"11","00"
"11","23"
"11","23"
"11","22"
"11","22"
"11","21"
"11","21"
"11","20"
"11","20"
"11","20"
"11","19"
"11","19"
"11","18"
"11","18"
"11","17"
"11","17"
"11","17"
"11","16"
"11","16"
"11","15"
"11","15"
"11","14"
"11","14"
"11","12"
"11","10"
"11","08"
"11","06"
"11","06"
"11","05"
"11","04"
"11","02"
"11","00"
"11","23"
"11","23"
"11","22"
"11","21"
"11","20"
"11","20"
"11","19"
"11","19"
"11","18"
"11","17"
"11","17"
"11","16"
"11","16"
"11","15"
"11","15"
"11","14"
"11","14"
"11","13"
"11","13"
"11","12"
"11","11"
"11","10"
"11","09"
"11","08"
"11","07"
"11","06"
"11","05"
"11","04"
"11","04"
"11","03"
"11","03"
"11","02"
"11","02"
"11","01"
"11","01"
"11","01"
"11","00"
"11","00"
"11","23"
"11","23"
"11","22"
"11","22"
"11","21"
"11","21"
"11","21"
"11","20"
"11","20"
"11","20"
"11","19"
"11","19"
"11","19"
"11","19"
"11","18"
"11","18"
"11","18"
"11","17"
"11","17"
"11","16"
"11","16"
"11","15"
"11","15"
"11","14"
"11","14"
"11","13"
"11","13"
"11","13"
"11","12"
"11","12"
"11","11"
"11","11"
"11","10"
"11","10"
"11","09"
"11","09"
"11","09"
"11","08"
"11","08"
"11","08"
"11","07"
"11","07"
"11","06"
"11","06"
"11","05"
"11","05"
"11","04"
"11","04"
"11","03"
"11","03"
"11","03"
"11","02"
"11","02"
"11","01"
"11","01"
"11","01"
"11","00"
"11","00"
"11","23"
"11","23"
"11","22"
"11","22"
"11","21"
"11","21"
"11","20"
"11","20"
"11","19"
"11","19"
"11","18"
"11","18"
"11","18"
"11","17"
"11","17"
"11","16"
"11","16"
"11","15"
"11","15"
"11","14"
"11","14"
"11","13"
"11","13"
"11","12"
"11","12"
"11","12"
"11","11"
"11","11"
"11","10"
"11","10"
"11","09"
"11","09"
"11","09"
"11","08"
"11","07"
"11","07"
"11","06"
"11","06"
"11","05"
"11","05"
"11","05"
"11","04"
"11","04"
"11","03"
"11","03"
"11","03"
"11","02"
"11","02"
"11","01"
"11","01"
"11","01"
"11","00"
"11","00"
"11","23"
"11","23"
"11","22"
"11","22"
"11","21"
"11","21"
"11","20"
"11","20"
"11","19"
"11","19"
"11","18"
"11","18"
"11","17"
"11","17"
"11","16"
"11","16"
"11","15"
"11","15"
"11","14"
"11","14"
"11","14"
"11","14"
"11","13"
"11","13"
"11","12"
"11","12"
"11","11"
"11","11"
"11","10"
"11","10"
"11","09"
"11","09"
"11","08"
"11","08"
"11","07"
"11","06"
"11","06"
"11","06"
"11","05"
"11","05"
"11","05"
"11","04"
"11","04"
"11","03"
"11","03"
"11","02"
"11","02"
"11","02"
"11","01"
"11","01"
"11","00"
"11","00"
"11","00"
"11","23"
"11","23"
"11","23"
"11","22"
"11","22"
"11","21"
"11","21"
"11","21"
"11","20"
"11","19"
"11","19"
"11","19"
"11","18"
"11","18"
"11","17"
"11","17"
"11","17"
"11","16"
"11","16"
"11","15"
"11","14"
"11","14"
"11","13"
"11","13"
"11","12"
"11","12"
"11","11"
"11","11"
"11","11"
"11","10"
"11","10"
"11","09"
"11","09"
"11","08"
"11","08"
"11","07"
"11","07"
"11","06"
"11","06"
"11","05"
"11","05"
"11","04"
"11","04"
"11","03"
"11","03"
"11","02"
"11","02"
"11","01"
"11","01"
"11","00"
"11","00"
"11","23"
"11","23"
"11","22"
"11","22"
"11","22"
"11","22"
"11","21"
"11","21"
"11","20"
"11","20"
"11","20"
"11","20"
"11","19"
"11","19"
"11","19"
"11","19"
"11","18"
"11","18"
"11","17"
"11","17"
"11","17"
"11","16"
"11","16"
"11","15"
"11","15"
"11","15"
"11","14"
"11","14"
"11","13"
"11","13"
"11","12"
"11","12"
"11","11"
"11","11"
"11","10"
"11","10"
"11","09"
"11","09"
"11","08"
"11","08"
"11","07"
"11","07"
"11","06"
"11","06"
"11","05"
"11","05"
"11","04"
"11","04"
"11","03"
"11","03"
"11","02"
"11","02"
"11","01"
"11","01"
"11","00"
"11","00"
"11","23"
"11","23"
"11","22"
"11","22"
"11","21"
"11","21"
"11","21"
"11","20"
"11","20"
"11","19"
"11","19"
"11","19"
"11","18"
"11","18"
"11","18"
"11","17"
"11","17"
"11","16"
"11","16"
"11","15"
"11","15"
"11","15"
"11","14"
"11","14"
"11","14"
"11","14"
"11","13"
"11","13"
"11","13"
"11","12"
"11","12"
"11","12"
"11","11"
"11","11"
"11","10"
"11","10"
"11","09"
"11","09"
"11","08"
"11","08"
"11","07"
"11","07"
"11","06"
"11","05"
"11","04"
"11","03"
"11","03"
"11","03"
"11","02"
"11","01"
"11","01"
"11","00"
"11","00"
"11","00"
"11","00"
"11","23"
"11","22"
"11","22"
"11","22"
"11","22"
"11","21"
"11","20"
"11","20"
"11","19"
"11","19"
"11","19"
"11","18"
"11","18"
"11","18"
"11","17"
"11","17"
"11","17"
"11","16"
"11","16"
"11","15"
"11","15"
"11","15"
"11","15"
"11","14"
"11","14"
"11","14"
"11","14"
"11","13"
"11","13"
"11","13"
"11","12"
"11","12"
"11","11"
"11","11"
"11","10"
"11","10"
"11","09"
"11","08"
"11","06"
"11","06"
"11","04"
"11","04"
"11","03"
"11","03"
"11","03"
"11","03"
"11","02"
"11","02"
"11","02"
"11","01"
"11","01"
"11","01"
"11","00"
"11","00"
"11","00"
"11","23"
"11","23"
"11","23"
"11","22"
"11","22"
"11","22"
"11","21"
"11","21"
"11","21"
"11","20"
"11","20"
"11","19"
"11","19"
"11","18"
"11","18"
"11","17"
"11","17"
"11","17"
"11","16"
"11","16"
"11","15"
"11","15"
"11","14"
"11","14"
"11","13"
"11","13"
"11","12"
"11","11"
"11","11"
"11","10"
"11","10"
"11","09"
"11","08"
"11","07"
"11","06"
"11","05"
"11","05"
"11","04"
"11","04"
"11","03"
"11","03"
"11","03"
"11","02"
"11","02"
"11","01"
"11","01"
"11","00"
"11","00"
"11","23"
"11","23"
"11","22"
"11","22"
"11","22"
"11","21"
"11","21"
"11","21"
"11","20"
"11","20"
"11","20"
"11","20"
"11","19"
"11","19"
"11","18"
"11","18"
"11","17"
"11","17"
"11","16"
"11","16"
"11","16"
"11","15"
"11","15"
"11","15"
"11","14"
"11","14"
"11","13"
"11","13"
"11","13"
"11","13"
"11","12"
"11","11"
"11","10"
"11","09"
"11","08"
"11","07"
"11","06"
"11","06"
"11","05"
"11","05"
"11","05"
"11","04"
"11","04"
"11","03"
"11","03"
"11","02"
"11","02"
"11","01"
"11","01"
"11","01"
"11","00"
"11","00"
"11","00"
"11","23"
"11","23"
"11","23"
"11","22"
"11","22"
"11","22"
"11","21"
"11","21"
"11","20"
"11","20"
"11","20"
"11","19"
"11","19"
"11","18"
"11","18"
"11","18"
"11","17"
"11","17"
"11","17"
"11","16"
"11","16"
"11","16"
"11","16"
"11","15"
"11","15"
"11","23"
"11","23"
"11","23"
"11","22"
"11","22"
"11","22"
"11","21"
"11","21"
"11","21"
"11","20"
"11","20"
"11","20"
"11","19"
"11","19"
"11","19"
"11","18"
"11","18"
"11","18"
"11","17"
"11","17"
"11","16"
"11","16"
"11","16"
"11","15"
"11","14"
"11","14"
"11","13"
"11","13"
"11","12"
"11","12"
"11","11"
"11","07"
"11","06"
"11","05"
"11","05"
"11","05"
"11","04"
"11","04"
"11","03"
"11","03"
"11","03"
"11","02"
"11","02"
"11","01"
"11","01"
"11","00"
"11","00"
"11","23"
"11","23"
"11","22"
"11","22"
"11","21"
"11","21"
"11","20"
"11","20"
"11","20"
"11","19"
"11","19"
"11","18"
"11","18"
"11","17"
"11","17"
"11","17"
"11","17"
"11","16"
"11","15"
"11","14"
"11","14"
"11","13"
"11","13"
"11","12"
"11","11"
"11","09"
"11","08"
"11","08"
"11","06"
"11","04"
"11","04"
"11","03"
"11","02"
"11","01"
"11","01"
"10","23"
"10","22"
"10","22"
"10","21"
"10","21"
"10","20"
"10","20"
"10","19"
"10","19"
"10","19"
"10","18"
"10","18"
"10","17"
"10","17"
"10","17"
"10","16"
"10","16"
"10","15"
"10","15"
"10","14"
"10","14"
"10","14"
"10","13"
"10","13"
"10","12"
"10","12"
"10","11"
"10","10"
"10","09"
"10","09"
"10","07"
"10","06"
"10","05"
"10","05"
"10","04"
"10","03"
"10","02"
"10","02"
"10","01"
"10","01"
"10","00"
"10","00"
"10","23"
"10","23"
"10","23"
"10","22"
"10","22"
"10","22"
"10","21"
"10","21"
"10","21"
"10","20"
"10","20"
"10","19"
"10","19"
"10","19"
"10","19"
"10","18"
"10","18"
"10","18"
"10","17"
"10","17"
"10","17"
"10","16"
"10","16"
"10","16"
"10","15"
"10","15"
"10","15"
"10","15"
"10","14"
"10","14"
"10","13"
"10","13"
"10","12"
"10","12"
"10","11"
"10","11"
"10","10"
"10","09"
"10","07"
"10","05"
"10","04"
"10","03"
"10","03"
"10","03"
"10","02"
"10","02"
"10","02"
"10","01"
"10","01"
"10","01"
"10","00"
"10","00"
"10","23"
"10","23"
"10","22"
"10","22"
"10","21"
"10","21"
"10","20"
"10","20"
"10","20"
"10","19"
"10","19"
"10","19"
"10","18"
"10","18"
"10","18"
"10","17"
"10","17"
"10","17"
"10","17"
"10","16"
"10","16"
"10","15"
"10","15"
"10","14"
"10","14"
"10","14"
"10","13"
"10","13"
"10","12"
"10","12"
"10","11"
"10","11"
"10","11"
"10","10"
"10","10"
"10","09"
"10","07"
"10","06"
"10","05"
"10","05"
"10","04"
"10","04"
"10","03"
"10","03"
"10","03"
"10","02"
"10","02"
"10","02"
"10","02"
"10","01"
"10","01"
"10","01"
"10","01"
"10","00"
"10","00"
"10","23"
"10","23"
"10","23"
"10","23"
"10","22"
"10","22"
"10","22"
"10","21"
"10","21"
"10","21"
"10","21"
"10","20"
"10","20"
"10","20"
"10","20"
"10","19"
"10","19"
"10","18"
"10","18"
"10","18"
"10","17"
"10","16"
"10","16"
"10","16"
"10","15"
"10","15"
"10","15"
"10","14"
"10","14"
"10","14"
"10","13"
"10","13"
"10","12"
"10","12"
"10","11"
"10","11"
"10","10"
"10","10"
"10","09"
"10","08"
"10","06"
"10","05"
"10","05"
"10","05"
"10","04"
"10","04"
"10","03"
"10","02"
"10","02"
"10","01"
"10","01"
"10","00"
"10","00"
"10","00"
"10","23"
"10","23"
"10","22"
"10","22"
"10","22"
"10","21"
"10","21"
"10","20"
"10","20"
"10","19"
"10","19"
"10","18"
"10","18"
"10","18"
"10","18"
"10","17"
"10","17"
"10","17"
"10","17"
"10","16"
"10","16"
"10","16"
"10","15"
"10","15"
"10","15"
"10","14"
"10","14"
"10","13"
"10","13"
"10","12"
"10","12"
"10","11"
"10","11"
"10","10"
"10","10"
"10","09"
"10","08"
"10","07"
"10","06"
"10","06"
"10","05"
"10","05"
"10","04"
"10","04"
"10","04"
"10","03"
"10","03"
"10","02"
"10","02"
"10","01"
"10","01"
"10","01"
"10","00"
"10","00"
"10","00"
"10","23"
"10","23"
"10","23"
"10","22"
"10","22"
"10","22"
"10","21"
"10","21"
"10","20"
"10","20"
"10","20"
"10","19"
"10","19"
"10","19"
"10","18"
"10","18"
"10","18"
"10","18"
"10","17"
"10","17"
"10","17"
"10","16"
"10","16"
"10","16"
"10","15"
"10","15"
"10","15"
"10","14"
"10","14"
"10","13"
"10","13"
"10","13"
"10","13"
"10","12"
"10","12"
"10","11"
"10","10"
"10","10"
"10","09"
"10","07"
"10","06"
"10","05"
"10","04"
"10","03"
"10","03"
"10","02"
"10","02"
"10","01"
"10","01"
"10","00"
"10","00"
"10","23"
"10","23"
"10","22"
"10","21"
"10","21"
"10","20"
"10","20"
"10","19"
"10","19"
"10","19"
"10","18"
"10","17"
"10","17"
"10","17"
"10","16"
"10","16"
"10","15"
"10","15"
"10","15"
"10","14"
"10","14"
"10","13"
"10","11"
"10","09"
"10","07"
"10","06"
"10","05"
"10","03"
"10","03"
"10","02"
"10","01"
"10","00"
"10","23"
"10","23"
"10","22"
"10","21"
"10","20"
"10","20"
"10","19"
"10","19"
"10","18"
"10","18"
"10","17"
"10","17"
"10","17"
"10","16"
"10","16"
"10","15"
"10","14"
"10","14"
"10","13"
"10","12"
"10","11"
"10","10"
"10","09"
"10","08"
"10","07"
"10","05"
"10","05"
"10","04"
"10","04"
"10","03"
"10","03"
"10","02"
"10","02"
"10","01"
"10","01"
"10","00"
"10","00"
"10","23"
"10","23"
"10","22"
"10","22"
"10","21"
"10","21"
"10","21"
"10","20"
"10","20"
"10","20"
"10","19"
"10","19"
"10","19"
"10","18"
"10","18"
"10","17"
"10","17"
"10","16"
"10","16"
"10","16"
"10","16"
"10","15"
"10","15"
"10","14"
"10","14"
"10","13"
"10","13"
"10","13"
"10","12"
"10","12"
"10","11"
"10","10"
"10","09"
"10","08"
"10","07"
"10","06"
"10","05"
"10","04"
"10","04"
"10","03"
"10","03"
"10","03"
"10","02"
"10","02"
"10","02"
"10","01"
"10","01"
"10","01"
"10","00"
"10","00"
"10","23"
"10","23"
"10","23"
"10","22"
"10","22"
"10","21"
"10","21"
"10","20"
"10","20"
"10","19"
"10","18"
"10","18"
"10","17"
"10","17"
"10","17"
"10","16"
"10","16"
"10","16"
"10","15"
"10","15"
"10","15"
"10","14"
"10","14"
"10","13"
"10","13"
"10","12"
"10","12"
"10","12"
"10","11"
"10","10"
"10","09"
"10","08"
"10","07"
"10","06"
"10","05"
"10","05"
"10","04"
"10","04"
"10","04"
"10","03"
"10","03"
"10","03"
"10","03"
"10","03"
"10","02"
"10","02"
"10","02"
"10","02"
"10","01"
"10","01"
"10","01"
"10","01"
"10","00"
"10","00"
"10","00"
"10","00"
"10","23"
"10","23"
"10","22"
"10","22"
"10","22"
"10","21"
"10","21"
"10","21"
"10","20"
"10","20"
"10","20"
"10","19"
"10","19"
"10","18"
"10","18"
"10","18"
"10","17"
"10","17"
"10","16"
"10","16"
"10","16"
"10","15"
"10","15"
"10","14"
"10","14"
"10","13"
"10","13"
"10","13"
"10","12"
"10","12"
"10","11"
"10","11"
"10","10"
"10","09"
"10","08"
"10","07"
"10","07"
"10","07"
"10","06"
"10","06"
"10","05"
"10","05"
"10","04"
"10","04"
"10","04"
"10","03"
"10","03"
"10","03"
"10","02"
"10","02"
"10","02"
"10","01"
"10","01"
"10","00"
"10","00"
"10","00"
"10","00"
"10","00"
"10","23"
"10","23"
"10","22"
"10","22"
"10","21"
"10","21"
"10","20"
"10","20"
"10","19"
"10","19"
"10","18"
"10","17"
"10","17"
"10","17"
"10","17"
"10","16"
"10","16"
"10","16"
"10","15"
"10","15"
"10","15"
"10","14"
"10","14"
"10","14"
"10","13"
"10","13"
"10","12"
"10","12"
"10","11"
"10","10"
"10","09"
"10","08"
"10","08"
"10","07"
"10","07"
"10","06"
"10","06"
"10","05"
"10","05"
"10","04"
"10","04"
"10","04"
"10","03"
"10","03"
"10","02"
"10","02"
"10","02"
"10","01"
"10","01"
"10","00"
"10","00"
"10","23"
"10","23"
"10","23"
"10","22"
"10","22"
"10","22"
"10","21"
"10","21"
"10","20"
"10","20"
"10","20"
"10","20"
"10","19"
"10","19"
"10","18"
"10","18"
"10","18"
"10","18"
"10","17"
"10","17"
"10","16"
"10","16"
"10","16"
"10","15"
"10","15"
"10","14"
"10","13"
"10","13"
"10","12"
"10","12"
"10","11"
"10","10"
"10","09"
"10","07"
"10","05"
"10","04"
"10","04"
"10","04"
"10","03"
"10","03"
"10","02"
"10","01"
"10","00"
"10","23"
"10","22"
"10","21"
"10","20"
"10","20"
"10","19"
"10","19"
"10","18"
"10","18"
"10","17"
"10","16"
"10","16"
"10","15"
"10","15"
"10","15"
"10","14"
"10","14"
"10","13"
"10","12"
"10","11"
"10","10"
"10","08"
"10","07"
"10","07"
"10","06"
"10","04"
"10","04"
"10","03"
"10","03"
"10","01"
"10","00"
"10","23"
"10","22"
"10","22"
"10","21"
"10","21"
"10","20"
"10","20"
"10","19"
"10","19"
"10","18"
"10","18"
"10","17"
"10","17"
"10","16"
"10","16"
"10","15"
"10","15"
"10","14"
"10","14"
"10","13"
"10","12"
"10","11"
"10","10"
"10","09"
"10","08"
"10","07"
"10","06"
"10","05"
"10","05"
"10","04"
"10","03"
"10","03"
"10","02"
"10","02"
"10","02"
"10","01"
"10","01"
"10","01"
"10","00"
"10","00"
"10","23"
"10","23"
"10","22"
"10","22"
"10","21"
"10","21"
"10","20"
"10","20"
"10","19"
"10","19"
"10","18"
"10","18"
"10","18"
"10","17"
"10","17"
"10","17"
"10","16"
"10","16"
"10","16"
"10","16"
"10","15"
"10","15"
"10","14"
"10","14"
"10","13"
"10","13"
"10","12"
"10","12"
"10","11"
"10","10"
"10","09"
"10","08"
"10","05"
"10","04"
"10","04"
"10","04"
"10","03"
"10","03"
"10","03"
"10","03"
"10","02"
"10","02"
"10","01"
"10","01"
"10","00"
"10","00"
"10","23"
"10","23"
"10","23"
"10","23"
"10","22"
"10","22"
"10","21"
"10","21"
"10","20"
"10","20"
"10","19"
"10","19"
"10","19"
"10","18"
"10","18"
"10","17"
"10","17"
"10","17"
"10","16"
"10","16"
"10","16"
"10","16"
"10","15"
"10","15"
"10","14"
"10","14"
"10","14"
"10","13"
"10","13"
"10","12"
"10","12"
"10","11"
"10","11"
"10","10"
"10","10"
"10","09"
"10","08"
"10","07"
"10","06"
"10","05"
"10","04"
"10","03"
"10","03"
"10","03"
"10","03"
"10","02"
"10","02"
"10","02"
"10","01"
"10","01"
"10","00"
"10","00"
"10","00"
"10","23"
"10","23"
"10","22"
"10","22"
"10","21"
"10","21"
"10","20"
"10","20"
"10","20"
"10","20"
"10","19"
"10","19"
"10","19"
"10","18"
"10","18"
"10","17"
"10","17"
"10","16"
"10","16"
"10","15"
"10","15"
"10","14"
"10","14"
"10","14"
"10","13"
"10","13"
"10","12"
"10","12"
"10","12"
"10","11"
"10","11"
"10","10"
"10","10"
"10","10"
"10","09"
"10","08"
"10","07"
"10","06"
"10","05"
"10","05"
"10","04"
"10","04"
"10","04"
"10","03"
"10","03"
"10","03"
"10","02"
"10","02"
"10","02"
"10","01"
"10","00"
"10","00"
"10","00"
"10","23"
"10","23"
"10","23"
"10","22"
"10","22"
"10","22"
"10","21"
"10","21"
"10","21"
"10","20"
"10","20"
"10","20"
"10","19"
"10","19"
"10","19"
"10","18"
"10","18"
"10","18"
"10","18"
"10","17"
"10","16"
"10","16"
"10","16"
"10","15"
"10","15"
"10","15"
"10","14"
"10","14"
"10","13"
"10","13"
"10","12"
"10","12"
"10","11"
"10","11"
"10","10"
"10","10"
"10","09"
"10","09"
"10","08"
"10","07"
"10","06"
"10","05"
"10","05"
"10","05"
"10","04"
"10","04"
"10","03"
"10","03"
"10","03"
"10","02"
"10","02"
"10","02"
"10","02"
"10","02"
"10","01"
"10","23"
"10","23"
"10","22"
"10","22"
"10","21"
"10","21"
"10","21"
"10","20"
"10","20"
"10","19"
"10","19"
"10","18"
"10","18"
"10","17"
"10","17"
"10","17"
"10","16"
"10","16"
"10","15"
"10","15"
"10","15"
"10","14"
"10","14"
"10","13"
"10","13"
"10","12"
"10","12"
"10","12"
"10","11"
"10","10"
"10","09"
"10","08"
"10","07"
"10","06"
"10","05"
"10","05"
"10","04"
"10","04"
"10","03"
"10","03"
"10","02"
"10","02"
"10","02"
"10","01"
"10","01"
"10","00"
"10","00"
"10","23"
"10","23"
"10","22"
"10","22"
"10","21"
"10","21"
"10","21"
"10","20"
"10","19"
"10","19"
"10","18"
"10","18"
"10","17"
"10","17"
"10","16"
"10","16"
"10","15"
"10","15"
"10","15"
"10","15"
"10","14"
"10","14"
"10","13"
"10","13"
"10","12"
"10","12"
"10","11"
"10","11"
"10","10"
"10","10"
"10","09"
"10","08"
"10","07"
"10","07"
"10","06"
"10","06"
"10","05"
"10","04"
"10","04"
"10","03"
"10","03"
"10","02"
"10","02"
"10","01"
"10","01"
"10","00"
"10","00"
"09","23"
"09","23"
"09","22"
"09","22"
"09","21"
"09","21"
"09","21"
"09","20"
"09","20"
"09","20"
"09","19"
"09","19"
"09","18"
"09","18"
"09","18"
"09","17"
"09","17"
"09","16"
"09","16"
"09","15"
"09","15"
"09","15"
"09","14"
"09","14"
"09","13"
"09","13"
"09","13"
"09","12"
"09","12"
"09","12"
"09","11"
"09","10"
"09","10"
"09","09"
"09","09"
"09","09"
"09","08"
"09","07"
"09","06"
"09","05"
"09","05"
"09","04"
"09","04"
"09","03"
"09","03"
"09","02"
"09","02"
"09","01"
"09","01"
"09","01"
"09","01"
"09","00"
"09","00"
"09","23"
"09","23"
"09","22"
"09","22"
"09","21"
"09","21"
"09","20"
"09","20"
"09","19"
"09","19"
"09","19"
"09","18"
"09","18"
"09","17"
"09","17"
"09","17"
"09","16"
"09","16"
"09","15"
"09","15"
"09","15"
"09","14"
"09","14"
"09","14"
"09","14"
"09","14"
"09","13"
"09","12"
"09","12"
"09","12"
"09","11"
"09","11"
"09","10"
"09","09"
"09","09"
"09","08"
"09","07"
"09","06"
"09","06"
"09","05"
"09","05"
"09","04"
"09","04"
"09","03"
"09","03"
"09","02"
"09","02"
"09","01"
"09","01"
"09","01"
"09","00"
"09","00"
"09","00"
"09","23"
"09","23"
"09","23"
"09","22"
"09","22"
"09","21"
"09","21"
"09","21"
"09","21"
"09","20"
"09","20"
"09","19"
"09","19"
"09","19"
"09","18"
"09","18"
"09","18"
"09","18"
"09","17"
"09","17"
"09","17"
"09","16"
"09","16"
"09","16"
"09","15"
"09","15"
"09","15"
"09","15"
"09","14"
"09","14"
"09","13"
"09","13"
"09","12"
"09","12"
"09","11"
"09","10"
"09","07"
"09","06"
"09","05"
"09","03"
"09","03"
"09","02"
"09","02"
"09","00"
"09","00"
"09","23"
"09","22"
"09","21"
"09","21"
"09","20"
"09","20"
"09","19"
"09","19"
"09","18"
"09","18"
"09","18"
"09","17"
"09","17"
"09","17"
"09","16"
"09","16"
"09","16"
"09","15"
"09","14"
"09","14"
"09","14"
"09","14"
"09","13"
"09","12"
"09","11"
"09","06"
"09","05"
"09","03"
"09","02"
"09","01"
"09","00"
"09","23"
"09","22"
"09","21"
"09","20"
"09","20"
"09","19"
"09","19"
"09","19"
"09","18"
"09","18"
"09","18"
"09","17"
"09","17"
"09","16"
"09","16"
"09","16"
"09","15"
"09","14"
"09","14"
"09","13"
"09","12"
"09","11"
"09","09"
"09","07"
"09","05"
"09","03"
"09","03"
"09","02"
"09","02"
"09","01"
"09","01"
"09","01"
"09","00"
"09","00"
"09","23"
"09","23"
"09","22"
"09","22"
"09","21"
"09","21"
"09","20"
"09","20"
"09","19"
"09","19"
"09","18"
"09","18"
"09","18"
"09","18"
"09","17"
"09","17"
"09","16"
"09","16"
"09","16"
"09","15"
"09","14"
"09","14"
"09","14"
"09","13"
"09","13"
"09","13"
"09","12"
"09","12"
"09","11"
"09","10"
"09","10"
"09","09"
"09","09"
"09","08"
"09","07"
"09","06"
"09","05"
"09","04"
"09","04"
"09","03"
"09","03"
"09","02"
"09","02"
"09","01"
"09","01"
"09","00"
"09","00"
"09","00"
"09","23"
"09","22"
"09","22"
"09","21"
"09","21"
"09","21"
"09","20"
"09","20"
"09","20"
"09","20"
"09","19"
"09","19"
"09","19"
"09","18"
"09","18"
"09","18"
"09","17"
"09","17"
"09","16"
"09","16"
"09","16"
"09","15"
"09","15"
"09","14"
"09","14"
"09","14"
"09","14"
"09","14"
"09","14"
"09","13"
"09","13"
"09","13"
"09","12"
"09","12"
"09","12"
"09","11"
"09","11"
"09","11"
"09","10"
"09","10"
"09","09"
"09","08"
"09","08"
"09","07"
"09","06"
"09","05"
"09","05"
"09","04"
"09","04"
"09","03"
"09","02"
"09","02"
"09","02"
"09","01"
"09","01"
"09","00"
"09","23"
"09","23"
"09","22"
"09","21"
"09","21"
"09","21"
"09","21"
"09","20"
"09","20"
"09","20"
"09","19"
"09","19"
"09","18"
"09","18"
"09","18"
"09","18"
"09","17"
"09","17"
"09","17"
"09","16"
"09","16"
"09","15"
"09","15"
"09","14"
"09","14"
"09","13"
"09","13"
"09","13"
"09","12"
"09","12"
"09","12"
"09","12"
"09","11"
"09","11"
"09","11"
"09","10"
"09","10"
"09","09"
"09","07"
"09","07"
"09","06"
"09","06"
"09","05"
"09","05"
"09","04"
"09","04"
"09","03"
"09","03"
"09","03"
"09","02"
"09","02"
"09","02"
"09","01"
"09","01"
"09","01"
"09","00"
"09","00"
"09","23"
"09","23"
"09","22"
"09","22"
"09","21"
"09","21"
"09","20"
"09","20"
"09","20"
"09","20"
"09","19"
"09","19"
"09","19"
"09","19"
"09","18"
"09","18"
"09","17"
"09","17"
"09","16"
"09","16"
"09","16"
"09","15"
"09","15"
"09","14"
"09","14"
"09","13"
"09","13"
"09","12"
"09","12"
"09","11"
"09","11"
"09","11"
"09","10"
"09","10"
"09","09"
"09","09"
"09","08"
"09","07"
"09","06"
"09","05"
"09","05"
"09","04"
"09","03"
"09","03"
"09","02"
"09","02"
"09","01"
"09","01"
"09","00"
"09","00"
"09","23"
"09","23"
"09","22"
"09","22"
"09","21"
"09","21"
"09","20"
"09","20"
"09","20"
"09","20"
"09","19"
"09","19"
"09","19"
"09","18"
"09","18"
"09","17"
"09","17"
"09","17"
"09","16"
"09","16"
"09","16"
"09","15"
"09","15"
"09","14"
"09","14"
"09","13"
"09","13"
"09","12"
"09","12"
"09","11"
"09","10"
"09","09"
"09","07"
"09","05"
"09","05"
"09","04"
"09","04"
"09","04"
"09","03"
"09","02"
"09","02"
"09","01"
"09","01"
"09","00"
"09","23"
"09","23"
"09","22"
"09","21"
"09","21"
"09","20"
"09","20"
"09","19"
"09","19"
"09","18"
"09","18"
"09","18"
"09","18"
"09","17"
"09","17"
"09","16"
"09","16"
"09","15"
"09","15"
"09","15"
"09","14"
"09","14"
"09","13"
"09","12"
"09","11"
"09","10"
"09","09"
"09","07"
"09","06"
"09","04"
"09","03"
"09","02"
"09","02"
"09","01"
"09","23"
"09","22"
"09","21"
"09","21"
"09","20"
"09","20"
"09","19"
"09","19"
"09","18"
"09","18"
"09","18"
"09","17"
"09","17"
"09","16"
"09","15"
"09","15"
"09","14"
"09","14"
"09","13"
"09","13"
"09","12"
"09","12"
"09","11"
"09","11"
"09","10"
"09","09"
"09","08"
"09","07"
"09","06"
"09","05"
"09","04"
"09","03"
"09","03"
"09","03"
"09","02"
"09","02"
"09","02"
"09","01"
"09","01"
"09","00"
"09","00"
"09","23"
"09","23"
"09","22"
"09","22"
"09","21"
"09","21"
"09","20"
"09","20"
"09","19"
"09","19"
"09","19"
"09","19"
"09","18"
"09","18"
"09","17"
"09","17"
"09","17"
"09","16"
"09","16"
"09","16"
"09","15"
"09","15"
"09","14"
"09","14"
"09","14"
"09","13"
"09","13"
"09","13"
"09","12"
"09","12"
"09","10"
"09","09"
"09","08"
"09","06"
"09","05"
"09","04"
"09","04"
"09","03"
"09","03"
"09","03"
"09","02"
"09","02"
"09","02"
"09","01"
"09","01"
"09","01"
"09","00"
"09","00"
"09","00"
"09","23"
"09","23"
"09","23"
"09","22"
"09","22"
"09","22"
"09","21"
"09","21"
"09","21"
"09","21"
"09","20"
"09","20"
"09","20"
"09","20"
"09","19"
"09","19"
"09","19"
"09","18"
"09","18"
"09","18"
"09","18"
"09","17"
"09","17"
"09","16"
"09","16"
"09","16"
"09","15"
"09","15"
"09","15"
"09","14"
"09","14"
"09","13"
"09","13"
"09","12"
"09","12"
"09","11"
"09","11"
"09","11"
"09","11"
"09","10"
"09","10"
"09","09"
"09","08"
"09","07"
"09","07"
"09","06"
"09","05"
"09","04"
"09","04"
"09","03"
"09","03"
"09","03"
"09","02"
"09","02"
"09","01"
"09","01"
"09","00"
"09","00"
"09","00"
"09","23"
"09","23"
"09","23"
"09","22"
"09","22"
"09","21"
"09","21"
"09","20"
"09","20"
"09","19"
"09","19"
"09","18"
"09","18"
"09","17"
"09","17"
"09","16"
"09","16"
"09","15"
"09","15"
"09","14"
"09","14"
"09","14"
"09","13"
"09","13"
"09","12"
"09","12"
"09","11"
"09","10"
"09","09"
"09","08"
"09","07"
"09","06"
"09","05"
"09","05"
"09","04"
"09","04"
"09","03"
"09","03"
"09","02"
"09","02"
"09","01"
"09","01"
"09","00"
"09","00"
"09","23"
"09","23"
"09","23"
"09","23"
"09","22"
"09","21"
"09","21"
"09","20"
"09","20"
"09","20"
"09","19"
"09","19"
"09","18"
"09","18"
"09","18"
"09","17"
"09","17"
"09","17"
"09","16"
"09","16"
"09","16"
"09","15"
"09","15"
"09","14"
"09","14"
"09","13"
"09","13"
"09","12"
"09","12"
"09","12"
"09","11"
"09","10"
"09","09"
"09","08"
"09","07"
"09","07"
"09","06"
"09","05"
"09","05"
"09","04"
"09","04"
"09","04"
"09","03"
"09","03"
"09","03"
"09","02"
"09","02"
"09","02"
"09","01"
"09","01"
"09","01"
"09","00"
"09","00"
"09","00"
"09","23"
"09","23"
"09","23"
"09","22"
"09","22"
"09","22"
"09","21"
"09","21"
"09","20"
"09","20"
"09","20"
"09","19"
"09","19"
"09","19"
"09","18"
"09","18"
"09","17"
"09","17"
"09","17"
"09","16"
"09","16"
"09","16"
"09","16"
"09","15"
"09","15"
"09","14"
"09","14"
"09","14"
"09","13"
"09","13"
"09","13"
"09","12"
"09","12"
"09","12"
"09","11"
"09","10"
"09","10"
"09","07"
"09","05"
"09","04"
"09","04"
"09","02"
"09","02"
"09","01"
"09","00"
"09","00"
"09","23"
"09","22"
"09","22"
"09","21"
"09","21"
"09","20"
"09","20"
"09","19"
"09","19"
"09","18"
"09","18"
"09","17"
"09","17"
"09","16"
"09","16"
"09","16"
"09","15"
"09","15"
"09","14"
"09","14"
"09","13"
"09","12"
"09","11"
"09","08"
"09","06"
"09","05"
"09","03"
"09","02"
"09","02"
"09","02"
"09","01"
"09","00"
"09","23"
"09","22"
"09","21"
"09","21"
"09","20"
"09","20"
"09","19"
"09","19"
"09","18"
"09","18"
"09","18"
"09","17"
"09","16"
"09","16"
"09","16"
"09","16"
"09","15"
"09","14"
"09","14"
"09","14"
"09","13"
"09","13"
"09","12"
"09","11"
"09","10"
"09","09"
"09","08"
"09","06"
"09","05"
"09","05"
"09","04"
"09","04"
"09","03"
"09","03"
"09","03"
"09","02"
"09","02"
"09","01"
"09","01"
"09","00"
"09","00"
"09","23"
"09","23"
"09","22"
"09","22"
"09","22"
"09","21"
"09","21"
"09","20"
"09","20"
"09","20"
"09","19"
"09","19"
"09","19"
"09","18"
"09","18"
"09","18"
"09","17"
"09","17"
"09","17"
"09","16"
"09","16"
"09","16"
"09","15"
"09","15"
"09","14"
"09","14"
"09","14"
"09","13"
"09","13"
"09","12"
"09","12"
"09","11"
"09","23"
"09","23"
"09","22"
"09","22"
"09","21"
"09","21"
"09","21"
"09","20"
"09","20"
"09","19"
"09","19"
"09","18"
"09","18"
"09","17"
"09","17"
"09","16"
"09","16"
"09","16"
"09","15"
"09","15"
"09","15"
"09","14"
"09","14"
"09","13"
"09","13"
"09","13"
"09","13"
"09","12"
"09","12"
"09","11"
"09","09"
"09","09"
"09","08"
"09","07"
"09","06"
"09","05"
"09","05"
"09","04"
"09","04"
"09","04"
"09","03"
"09","03"
"09","02"
"09","02"
"09","02"
"09","01"
"09","01"
"09","00"
"09","00"
"09","00"
"09","23"
"09","23"
"09","23"
"09","22"
"09","22"
"09","22"
"09","21"
"09","21"
"09","21"
"09","20"
"09","20"
"09","20"
"09","20"
"09","19"
"09","19"
"09","19"
"09","18"
"09","18"
"09","18"
"09","17"
"09","17"
"09","17"
"09","16"
"09","16"
"09","16"
"09","16"
"09","15"
"09","15"
"09","14"
"09","14"
"09","13"
"09","13"
"09","12"
"09","12"
"09","11"
"09","10"
"09","09"
"09","09"
"09","08"
"09","07"
"09","07"
"09","06"
"09","06"
"09","05"
"09","05"
"09","04"
"09","04"
"09","04"
"09","03"
"09","03"
"09","03"
"09","02"
"09","02"
"09","02"
"09","01"
"09","01"
"09","01"
"09","00"
"09","00"
"08","23"
"08","23"
"08","22"
"08","22"
"08","22"
"08","21"
"08","21"
"08","20"
"08","20"
"08","20"
"08","19"
"08","19"
"08","18"
"08","18"
"08","17"
"08","17"
"08","17"
"08","16"
"08","16"
"08","15"
"08","15"
"08","15"
"08","15"
"08","14"
"08","14"
"08","13"
"08","13"
"08","12"
"08","12"
"08","11"
"08","09"
"08","08"
"08","07"
"08","06"
"08","05"
"08","04"
"08","04"
"08","04"
"08","03"
"08","02"
"08","01"
"08","00"
"08","00"
"08","23"
"08","23"
"08","22"
"08","21"
"08","21"
"08","20"
"08","19"
"08","19"
"08","18"
"08","18"
"08","17"
"08","17"
"08","16"
"08","16"
"08","15"
"08","15"
"08","14"
"08","14"
"08","13"
"08","13"
"08","11"
"08","09"
"08","08"
"08","07"
"08","05"
"08","04"
"08","03"
"08","02"
"08","01"
"08","23"
"08","22"
"08","22"
"08","21"
"08","21"
"08","20"
"08","20"
"08","19"
"08","19"
"08","19"
"08","18"
"08","18"
"08","17"
"08","17"
"08","17"
"08","16"
"08","16"
"08","15"
"08","15"
"08","14"
"08","14"
"08","14"
"08","13"
"08","12"
"08","11"
"08","11"
"08","10"
"08","09"
"08","08"
"08","07"
"08","06"
"08","05"
"08","05"
"08","05"
"08","04"
"08","04"
"08","03"
"08","03"
"08","02"
"08","02"
"08","01"
"08","01"
"08","01"
"08","00"
"08","00"
"08","00"
"08","23"
"08","22"
"08","22"
"08","21"
"08","21"
"08","21"
"08","20"
"08","20"
"08","20"
"08","19"
"08","19"
"08","19"
"08","19"
"08","18"
"08","18"
"08","17"
"08","17"
"08","17"
"08","16"
"08","16"
"08","15"
"08","15"
"08","14"
"08","14"
"08","13"
"08","13"
"08","12"
"08","12"
"08","11"
"08","10"
"08","09"
"08","08"
"08","07"
"08","06"
"08","05"
"08","05"
"08","04"
"08","04"
"08","03"
"08","03"
"08","02"
"08","02"
"08","01"
"08","01"
"08","01"
"08","01"
"08","00"
"08","00"
"08","23"
"08","23"
"08","22"
"08","22"
"08","21"
"08","21"
"08","20"
"08","20"
"08","19"
"08","18"
"08","18"
"08","18"
"08","17"
"08","17"
"08","16"
"08","16"
"08","16"
"08","15"
"08","15"
"08","15"
"08","14"
"08","14"
"08","14"
"08","13"
"08","13"
"08","12"
"08","12"
"08","11"
"08","11"
"08","10"
"08","09"
"08","09"
"08","08"
"08","07"
"08","06"
"08","05"
"08","05"
"08","04"
"08","04"
"08","03"
"08","03"
"08","03"
"08","02"
"08","02"
"08","01"
"08","01"
"08","00"
"08","00"
"08","00"
"08","23"
"08","23"
"08","22"
"08","22"
"08","21"
"08","21"
"08","20"
"08","20"
"08","20"
"08","19"
"08","19"
"08","19"
"08","19"
"08","18"
"08","18"
"08","18"
"08","17"
"08","17"
"08","17"
"08","17"
"08","16"
"08","16"
"08","16"
"08","16"
"08","15"
"08","15"
"08","14"
"08","14"
"08","13"
"08","13"
"08","13"
"08","12"
"08","12"
"08","11"
"08","11"
"08","10"
"08","10"
"08","09"
"08","08"
"08","07"
"08","06"
"08","05"
"08","04"
"08","03"
"08","03"
"08","02"
"08","02"
"08","02"
"08","01"
"08","01"
"08","00"
"08","00"
"08","23"
"08","23"
"08","23"
"08","22"
"08","22"
"08","22"
"08","21"
"08","21"
"08","20"
"08","20"
"08","20"
"08","20"
"08","19"
"08","18"
"08","18"
"08","18"
"08","17"
"08","17"
"08","16"
"08","16"
"08","16"
"08","15"
"08","15"
"08","14"
"08","14"
"08","13"
"08","13"
"08","12"
"08","12"
"08","12"
"08","11"
"08","10"
"08","09"
"08","09"
"08","08"
"08","08"
"08","07"
"08","06"
"08","05"
"08","04"
"08","04"
"08","03"
"08","03"
"08","02"
"08","02"
"08","01"
"08","01"
"08","01"
"08","00"
"08","00"
"08","00"
"08","23"
"08","23"
"08","22"
"08","22"
"08","21"
"08","21"
"08","20"
"08","20"
"08","20"
"08","19"
"08","19"
"08","19"
"08","18"
"08","18"
"08","18"
"08","17"
"08","17"
"08","17"
"08","16"
"08","16"
"08","16"
"08","15"
"08","15"
"08","15"
"08","14"
"08","14"
"08","13"
"08","13"
"08","13"
"08","12"
"08","12"
"08","11"
"08","11"
"08","10"
"08","08"
"08","06"
"08","04"
"08","03"
"08","02"
"08","01"
"08","01"
"08","00"
"08","23"
"08","22"
"08","21"
"08","21"
"08","21"
"08","20"
"08","19"
"08","19"
"08","18"
"08","18"
"08","17"
"08","17"
"08","16"
"08","16"
"08","15"
"08","15"
"08","14"
"08","14"
"08","13"
"08","11"
"08","10"
"08","10"
"08","08"
"08","06"
"08","04"
"08","02"
"08","01"
"08","00"
"08","23"
"08","21"
"08","21"
"08","20"
"08","20"
"08","19"
"08","19"
"08","19"
"08","19"
"08","18"
"08","17"
"08","17"
"08","17"
"08","16"
"08","16"
"08","15"
"08","15"
"08","14"
"08","14"
"08","13"
"08","12"
"08","11"
"08","09"
"08","06"
"08","05"
"08","04"
"08","03"
"08","02"
"08","02"
"08","01"
"08","01"
"08","01"
"08","00"
"08","00"
"08","00"
"08","23"
"08","23"
"08","22"
"08","22"
"08","21"
"08","21"
"08","20"
"08","20"
"08","19"
"08","19"
"08","18"
"08","18"
"08","17"
"08","17"
"08","16"
"08","16"
"08","15"
"08","15"
"08","15"
"08","14"
"08","14"
"08","13"
"08","13"
"08","12"
"08","12"
"08","12"
"08","11"
"08","10"
"08","09"
"08","08"
"08","07"
"08","06"
"08","05"
"08","04"
"08","03"
"08","03"
"08","02"
"08","02"
"08","01"
"08","00"
"08","00"
"08","23"
"08","23"
"08","22"
"08","22"
"08","22"
"08","21"
"08","21"
"08","21"
"08","20"
"08","20"
"08","20"
"08","20"
"08","19"
"08","19"
"08","18"
"08","18"
"08","18"
"08","18"
"08","17"
"08","17"
"08","17"
"08","16"
"08","16"
"08","16"
"08","15"
"08","15"
"08","15"
"08","15"
"08","14"
"08","14"
"08","14"
"08","13"
"08","13"
"08","12"
"08","12"
"08","12"
"08","12"
"08","11"
"08","11"
"08","10"
"08","09"
"08","08"
"08","07"
"08","06"
"08","06"
"08","05"
"08","05"
"08","04"
"08","03"
"08","03"
"08","02"
"08","02"
"08","02"
"08","01"
"08","00"
"08","00"
"08","23"
"08","23"
"08","22"
"08","22"
"08","21"
"08","21"
"08","20"
"08","20"
"08","19"
"08","19"
"08","19"
"08","18"
"08","18"
"08","17"
"08","17"
"08","16"
"08","16"
"08","16"
"08","15"
"08","15"
"08","15"
"08","14"
"08","14"
"08","13"
"08","13"
"08","12"
"08","12"
"08","11"
"08","11"
"08","11"
"08","10"
"08","09"
"08","08"
"08","07"
"08","06"
"08","05"
"08","04"
"08","04"
"08","03"
"08","03"
"08","02"
"08","02"
"08","02"
"08","01"
"08","01"
"08","01"
"08","00"
"08","00"
"08","23"
"08","23"
"08","23"
"08","22"
"08","22"
"08","21"
"08","21"
"08","20"
"08","20"
"08","19"
"08","19"
"08","18"
"08","18"
"08","17"
"08","17"
"08","17"
"08","16"
"08","16"
"08","15"
"08","15"
"08","14"
"08","14"
"08","13"
"08","13"
"08","13"
"08","12"
"08","12"
"08","12"
"08","11"
"08","11"
"08","10"
"08","09"
"08","08"
"08","07"
"08","06"
"08","05"
"08","04"
"08","04"
"08","04"
"08","04"
"08","03"
"08","03"
"08","02"
"08","02"
"08","01"
"08","01"
"08","01"
"08","00"
"08","00"
"08","23"
"08","23"
"08","22"
"08","22"
"08","22"
"08","21"
"08","21"
"08","21"
"08","20"
"08","20"
"08","20"
"08","19"
"08","19"
"08","19"
"08","19"
"08","19"
"08","18"
"08","18"
"08","18"
"08","17"
"08","17"
"08","16"
"08","16"
"08","16"
"08","16"
"08","15"
"08","15"
"08","15"
"08","15"
"08","14"
"08","14"
"08","13"
"08","13"
"08","12"
"08","12"
"08","11"
"08","10"
"08","09"
"08","09"
"08","07"
"08","04"
"08","03"
"08","02"
"08","01"
"08","00"
"08","23"
"08","23"
"08","22"
"08","21"
"08","21"
"08","20"
"08","20"
"08","19"
"08","19"
"08","18"
"08","18"
"08","17"
"08","17"
"08","16"
"08","16"
"08","15"
"08","15"
"08","15"
"08","14"
"08","14"
"08","13"
"08","12"
"08","10"
"08","08"
"08","07"
"08","06"
"08","05"
"08","03"
"08","02"
"08","01"
"08","00"
"08","23"
"08","22"
"08","22"
"08","21"
"08","21"
"08","20"
"08","20"
"08","20"
"08","19"
"08","18"
"08","18"
"08","18"
"08","17"
"08","17"
"08","16"
"08","16"
"08","16"
"08","15"
"08","15"
"08","14"
"08","14"
"08","14"
"08","13"
"08","12"
"08","12"
"08","11"
"08","10"
"08","09"
"08","08"
"08","07"
"08","06"
"08","05"
"08","04"
"08","03"
"08","03"
"08","02"
"08","02"
"08","01"
"08","01"
"08","00"
"08","00"
"08","23"
"08","23"
"08","22"
"08","22"
"08","21"
"08","21"
"08","20"
"08","20"
"08","19"
"08","19"
"08","19"
"08","18"
"08","18"
"08","17"
"08","17"
"08","16"
"08","16"
"08","16"
"08","15"
"08","15"
"08","15"
"08","14"
"08","14"
"08","13"
"08","13"
"08","12"
"08","11"
"08","10"
"08","09"
"08","08"
"08","07"
"08","06"
"08","05"
"08","04"
"08","03"
"08","03"
"08","02"
"08","02"
"08","01"
"08","01"
"08","00"
"08","00"
"08","23"
"08","23"
"08","23"
"08","22"
"08","22"
"08","21"
"08","21"
"08","21"
"08","20"
"08","20"
"08","20"
"08","19"
"08","19"
"08","19"
"08","18"
"08","18"
"08","17"
"08","17"
"08","17"
"08","17"
"08","16"
"08","16"
"08","15"
"08","15"
"08","15"
"08","14"
"08","14"
"08","14"
"08","13"
"08","13"
"08","12"
"08","12"
"08","11"
"08","11"
"08","11"
"08","10"
"08","09"
"08","08"
"08","07"
"08","06"
"08","05"
"08","04"
"08","03"
"08","03"
"08","03"
"08","02"
"08","02"
"08","01"
"08","01"
"08","01"
"08","00"
"08","00"
"08","00"
"08","23"
"08","23"
"08","23"
"08","22"
"08","22"
"08","21"
"08","21"
"08","21"
"08","21"
"08","20"
"08","20"
"08","19"
"08","19"
"08","18"
"08","18"
"08","18"
"08","18"
"08","17"
"08","17"
"08","16"
"08","16"
"08","16"
"08","16"
"08","15"
"08","15"
"08","15"
"08","14"
"08","13"
"08","13"
"08","12"
"08","12"
"08","12"
"08","11"
"08","11"
"08","11"
"08","10"
"08","09"
"08","08"
"08","07"
"08","06"
"08","05"
"08","04"
"08","04"
"08","04"
"08","03"
"08","03"
"08","03"
"08","02"
"08","01"
"08","01"
"08","00"
"08","00"
"08","23"
"08","23"
"08","23"
"08","23"
"08","22"
"08","22"
"08","21"
"08","21"
"08","20"
"08","20"
"08","19"
"08","19"
"08","19"
"08","18"
"08","18"
"08","17"
"08","17"
"08","16"
"08","16"
"08","16"
"08","15"
"08","15"
"08","15"
"08","14"
"08","14"
"08","13"
"08","12"
"08","11"
"08","08"
"08","07"
"08","06"
"08","05"
"08","04"
"08","04"
"08","03"
"08","02"
"08","01"
"08","00"
"08","23"
"08","22"
"08","22"
"08","21"
"08","21"
"08","21"
"08","20"
"08","20"
"08","19"
"08","19"
"08","18"
"08","18"
"08","17"
"08","17"
"08","17"
"08","16"
"08","16"
"08","15"
"08","15"
"08","15"
"08","15"
"08","14"
"08","14"
"08","13"
"08","12"
"08","11"
"08","10"
"08","09"
"08","08"
"08","07"
"08","06"
"08","05"
"08","04"
"08","04"
"08","03"
"08","03"
"08","02"
"08","02"
"08","02"
"08","01"
"08","00"
"08","00"
"07","23"
"07","23"
"07","23"
"07","22"
"07","22"
"07","22"
"07","21"
"07","21"
"07","20"
"07","20"
"07","20"
"07","20"
"07","19"
"07","19"
"07","19"
"07","19"
"07","18"
"07","18"
"07","18"
"07","17"
"07","17"
"07","16"
"07","16"
"07","15"
"07","15"
"07","15"
"07","15"
"07","14"
"07","14"
"07","13"
"07","13"
"07","12"
"07","12"
"07","11"
"07","10"
"07","10"
"07","09"
"07","08"
"07","08"
"07","07"
"07","06"
"07","05"
"07","05"
"07","04"
"07","04"
"07","03"
"07","03"
"07","02"
"07","02"
"07","01"
"07","01"
"07","00"
"07","00"
"07","23"
"07","23"
"07","23"
"07","22"
"07","22"
"07","21"
"07","21"
"07","20"
"07","20"
"07","19"
"07","19"
"07","19"
"07","18"
"07","18"
"07","18"
"07","17"
"07","17"
"07","16"
"07","16"
"07","16"
"07","15"
"07","15"
"07","14"
"07","14"
"07","13"
"07","13"
"07","12"
"07","12"
"07","11"
"07","10"
"07","09"
"07","09"
"07","08"
"07","06"
"07","06"
"07","05"
"07","05"
"07","04"
"07","04"
"07","04"
"07","03"
"07","03"
"07","03"
"07","02"
"07","02"
"07","01"
"07","01"
"07","01"
"07","00"
"07","00"
"07","23"
"07","23"
"07","22"
"07","22"
"07","21"
"07","21"
"07","20"
"07","20"
"07","20"
"07","19"
"07","19"
"07","18"
"07","18"
"07","17"
"07","17"
"07","16"
"07","16"
"07","15"
"07","15"
"07","15"
"07","15"
"07","14"
"07","14"
"07","13"
"07","13"
"07","12"
"07","11"
"07","11"
"07","11"
"07","09"
"07","09"
"07","08"
"07","08"
"07","07"
"07","06"
"07","06"
"07","05"
"07","05"
"07","04"
"07","04"
"07","03"
"07","03"
"07","02"
"07","02"
"07","01"
"07","01"
"07","00"
"07","00"
"07","23"
"07","23"
"07","22"
"07","22"
"07","21"
"07","21"
"07","21"
"07","20"
"07","20"
"07","20"
"07","20"
"07","19"
"07","19"
"07","19"
"07","19"
"07","18"
"07","18"
"07","18"
"07","17"
"07","17"
"07","17"
"07","16"
"07","16"
"07","16"
"07","15"
"07","15"
"07","15"
"07","14"
"07","14"
"07","13"
"07","13"
"07","13"
"07","12"
"07","12"
"07","11"
"07","11"
"07","10"
"07","09"
"07","08"
"07","07"
"07","07"
"07","06"
"07","05"
"07","05"
"07","05"
"07","04"
"07","03"
"07","03"
"07","02"
"07","02"
"07","02"
"07","01"
"07","01"
"07","01"
"07","00"
"07","23"
"07","23"
"07","23"
"07","22"
"07","22"
"07","21"
"07","21"
"07","21"
"07","20"
"07","20"
"07","19"
"07","19"
"07","19"
"07","18"
"07","18"
"07","17"
"07","17"
"07","17"
"07","16"
"07","16"
"07","15"
"07","15"
"07","15"
"07","15"
"07","14"
"07","14"
"07","13"
"07","13"
"07","12"
"07","12"
"07","11"
"07","10"
"07","10"
"07","09"
"07","07"
"07","05"
"07","04"
"07","03"
"07","02"
"07","02"
"07","01"
"07","00"
"07","23"
"07","22"
"07","21"
"07","21"
"07","21"
"07","20"
"07","20"
"07","20"
"07","19"
"07","19"
"07","19"
"07","18"
"07","18"
"07","17"
"07","17"
"07","16"
"07","16"
"07","15"
"07","15"
"07","14"
"07","14"
"07","13"
"07","12"
"07","12"
"07","08"
"07","07"
"07","06"
"07","02"
"07","01"
"07","22"
"07","21"
"07","21"
"07","20"
"07","20"
"07","19"
"07","19"
"07","18"
"07","18"
"07","17"
"07","17"
"07","16"
"07","16"
"07","15"
"07","15"
"07","14"
"07","14"
"07","13"
"07","13"
"07","13"
"07","12"
"07","05"
"07","04"
"07","03"
"07","03"
"07","02"
"07","00"
"07","00"
"07","23"
"07","22"
"07","22"
"07","22"
"07","21"
"07","21"
"07","20"
"07","20"
"07","19"
"07","19"
"07","19"
"07","19"
"07","18"
"07","18"
"07","18"
"07","17"
"07","17"
"07","17"
"07","16"
"07","16"
"07","16"
"07","15"
"07","15"
"07","15"
"07","14"
"07","14"
"07","13"
"07","13"
"07","12"
"07","12"
"07","11"
"07","09"
"07","06"
"07","05"
"07","04"
"07","03"
"07","03"
"07","03"
"07","03"
"07","02"
"07","02"
"07","02"
"07","02"
"07","01"
"07","01"
"07","00"
"07","00"
"07","00"
"07","23"
"07","23"
"07","22"
"07","22"
"07","22"
"07","21"
"07","21"
"07","20"
"07","20"
"07","20"
"07","19"
"07","19"
"07","19"
"07","18"
"07","18"
"07","17"
"07","17"
"07","17"
"07","16"
"07","16"
"07","15"
"07","15"
"07","15"
"07","14"
"07","14"
"07","13"
"07","13"
"07","12"
"07","12"
"07","12"
"07","11"
"07","10"
"07","10"
"07","06"
"07","06"
"07","05"
"07","04"
"07","03"
"07","02"
"07","02"
"07","01"
"07","01"
"07","00"
"07","00"
"07","23"
"07","23"
"07","22"
"07","21"
"07","21"
"07","20"
"07","20"
"07","19"
"07","19"
"07","18"
"07","18"
"07","17"
"07","17"
"07","17"
"07","17"
"07","17"
"07","16"
"07","16"
"07","16"
"07","16"
"07","15"
"07","15"
"07","14"
"07","14"
"07","13"
"07","13"
"07","12"
"07","12"
"07","12"
"07","12"
"07","11"
"07","10"
"07","10"
"07","07"
"07","06"
"07","05"
"07","05"
"07","04"
"07","03"
"07","03"
"07","03"
"07","02"
"07","02"
"07","01"
"07","00"
"07","00"
"07","23"
"07","23"
"07","22"
"07","22"
"07","21"
"07","21"
"07","20"
"07","20"
"07","20"
"07","19"
"07","19"
"07","19"
"07","18"
"07","18"
"07","18"
"07","17"
"07","17"
"07","17"
"07","16"
"07","16"
"07","16"
"07","15"
"07","15"
"07","14"
"07","14"
"07","14"
"07","13"
"07","12"
"07","12"
"07","12"
"07","11"
"07","11"
"07","10"
"07","10"
"07","09"
"07","08"
"07","08"
"07","07"
"07","05"
"07","04"
"07","04"
"07","03"
"07","03"
"07","02"
"07","02"
"07","01"
"07","00"
"07","23"
"07","22"
"07","22"
"07","21"
"07","21"
"07","20"
"07","20"
"07","20"
"07","19"
"07","19"
"07","19"
"07","18"
"07","18"
"07","18"
"07","17"
"07","17"
"07","17"
"07","16"
"07","16"
"07","15"
"07","15"
"07","14"
"07","14"
"07","14"
"07","13"
"07","12"
"07","11"
"07","10"
"07","10"
"07","09"
"07","08"
"07","07"
"07","06"
"07","05"
"07","05"
"07","03"
"07","03"
"07","02"
"07","01"
"07","01"
"07","22"
"07","22"
"07","21"
"07","21"
"07","20"
"07","20"
"07","19"
"07","19"
"07","19"
"07","18"
"07","18"
"07","17"
"07","17"
"07","16"
"07","16"
"07","15"
"07","15"
"07","14"
"07","14"
"07","12"
"07","09"
"07","03"
"07","02"
"07","01"
"07","00"
"07","00"
"07","23"
"07","22"
"07","22"
"07","21"
"07","20"
"07","19"
"07","19"
"07","19"
"07","18"
"07","18"
"07","17"
"07","17"
"07","16"
"07","16"
"07","16"
"07","15"
"07","15"
"07","14"
"07","14"
"07","13"
"07","13"
"07","12"
"07","11"
"07","10"
"07","09"
"07","08"
"07","06"
"07","05"
"07","04"
"07","03"
"07","02"
"07","01"
"07","01"
"07","00"
"07","00"
"07","23"
"07","23"
"07","22"
"07","22"
"07","21"
"07","21"
"07","20"
"07","20"
"07","20"
"07","20"
"07","19"
"07","19"
"07","18"
"07","18"
"07","17"
"07","17"
"07","17"
"07","17"
"07","16"
"07","16"
"07","15"
"07","15"
"07","15"
"07","14"
"07","14"
"07","13"
"07","13"
"07","12"
"07","12"
"07","11"
"07","11"
"07","10"
"07","09"
"07","08"
"07","06"
"07","05"
"07","05"
"07","04"
"07","03"
"07","03"
"07","02"
"07","01"
"07","01"
"07","00"
"07","00"
"07","00"
"07","00"
"07","00"
"07","23"
"07","22"
"07","22"
"07","22"
"07","21"
"07","21"
"07","20"
"07","19"
"07","19"
"07","18"
"07","18"
"07","17"
"07","17"
"07","16"
"07","16"
"07","16"
"07","15"
"07","15"
"07","14"
"07","14"
"07","14"
"07","13"
"07","12"
"07","12"
"07","11"
"07","11"
"07","10"
"07","10"
"07","09"
"07","09"
"07","08"
"07","07"
"07","07"
"07","06"
"07","05"
"07","05"
"07","04"
"07","03"
"07","02"
"07","01"
"07","01"
"07","00"
"07","00"
"07","23"
"07","23"
"07","23"
"07","22"
"07","21"
"07","21"
"07","21"
"07","20"
"07","20"
"07","19"
"07","19"
"07","19"
"07","18"
"07","18"
"07","17"
"07","17"
"07","17"
"07","16"
"07","16"
"07","15"
"07","15"
"07","15"
"07","14"
"07","14"
"07","13"
"07","13"
"07","12"
"07","12"
"07","11"
"07","11"
"07","10"
"07","10"
"07","09"
"07","08"
"07","08"
"07","07"
"07","06"
"07","06"
"07","05"
"07","04"
"07","03"
"07","03"
"07","02"
"07","02"
"07","01"
"07","01"
"07","00"
"07","00"
"07","23"
"07","23"
"07","22"
"07","22"
"07","22"
"07","21"
"07","21"
"07","20"
"07","20"
"07","19"
"07","19"
"07","18"
"07","18"
"07","17"
"07","17"
"07","17"
"07","16"
"07","16"
"07","15"
"07","15"
"07","15"
"07","14"
"07","14"
"07","13"
"07","13"
"07","12"
"07","12"
"07","12"
"07","11"
"07","10"
"07","09"
"07","08"
"07","07"
"07","07"
"07","06"
"07","05"
"07","05"
"07","04"
"07","04"
"07","04"
"07","03"
"07","03"
"07","02"
"07","02"
"07","01"
"07","01"
"07","00"
"07","00"
"07","23"
"07","23"
"07","22"
"07","22"
"07","21"
"07","21"
"07","21"
"07","21"
"07","20"
"07","20"
"07","19"
"07","19"
"07","19"
"07","19"
"07","19"
"07","18"
"07","18"
"07","18"
"07","17"
"07","17"
"07","17"
"07","17"
"07","17"
"07","16"
"07","16"
"07","16"
"07","16"
"07","15"
"07","15"
"07","15"
"07","15"
"07","14"
"07","14"
"07","14"
"07","13"
"07","13"
"07","12"
"07","12"
"07","11"
"07","11"
"07","11"
"07","10"
"07","09"
"07","07"
"07","06"
"07","04"
"07","03"
"07","03"
"07","02"
"07","01"
"07","01"
"07","00"
"07","00"
"07","23"
"07","22"
"07","21"
"07","21"
"07","20"
"07","20"
"07","19"
"07","19"
"07","18"
"07","18"
"07","17"
"07","17"
"07","16"
"07","16"
"07","16"
"07","15"
"07","15"
"07","14"
"07","14"
"07","13"
"07","13"
"07","12"
"07","11"
"07","11"
"07","10"
"07","08"
"07","04"
"07","03"
"07","02"
"07","02"
"07","00"
"07","23"
"07","21"
"07","20"
"07","20"
"07","19"
"07","19"
"07","19"
"07","18"
"07","18"
"07","18"
"07","18"
"07","17"
"07","17"
"07","16"
"07","16"
"07","15"
"07","15"
"07","14"
"07","13"
"07","12"
"07","11"
"07","10"
"07","09"
"07","08"
"07","07"
"07","06"
"07","05"
"07","04"
"07","03"
"07","03"
"07","02"
"07","02"
"07","01"
"07","01"
"07","00"
"07","00"
"07","00"
"07","23"
"07","23"
"07","23"
"07","22"
"07","22"
"07","21"
"07","21"
"07","21"
"07","21"
"07","20"
"07","20"
"07","20"
"07","19"
"07","19"
"07","19"
"07","19"
"07","18"
"07","18"
"07","18"
"07","18"
"07","17"
"07","23"
"07","23"
"07","22"
"07","22"
"07","21"
"07","21"
"07","21"
"07","20"
"07","20"
"07","20"
"07","19"
"07","19"
"07","19"
"07","18"
"07","18"
"07","17"
"07","17"
"07","16"
"07","16"
"07","15"
"07","15"
"07","15"
"07","14"
"07","14"
"07","13"
"07","13"
"07","13"
"07","12"
"07","12"
"07","12"
"07","11"
"07","11"
"07","11"
"07","10"
"07","09"
"07","09"
"07","08"
"07","07"
"07","06"
"07","05"
"07","05"
"07","04"
"07","04"
"07","03"
"07","03"
"07","02"
"07","02"
"07","01"
"07","01"
"07","00"
"07","00"
"07","23"
"07","23"
"07","22"
"07","22"
"07","22"
"07","21"
"07","21"
"07","20"
"07","20"
"07","19"
"07","19"
"07","19"
"07","18"
"07","18"
"07","18"
"07","18"
"07","17"
"07","17"
"07","16"
"07","16"
"07","16"
"07","15"
"07","15"
"07","14"
"07","14"
"07","13"
"07","13"
"07","12"
"07","12"
"07","12"
"07","11"
"07","11"
"07","10"
"07","09"
"07","08"
"07","07"
"07","06"
"07","05"
"07","05"
"07","04"
"07","04"
"07","03"
"07","03"
"07","02"
"07","02"
"07","01"
"07","01"
"07","00"
"07","00"
"07","00"
"06","23"
"06","23"
"06","22"
"06","22"
"06","22"
"06","21"
"06","21"
"06","20"
"06","20"
"06","19"
"06","19"
"06","19"
"06","18"
"06","18"
"06","18"
"06","17"
"06","17"
"06","17"
"06","17"
"06","16"
"06","16"
"06","16"
"06","16"
"06","15"
"06","15"
"06","14"
"06","14"
"06","14"
"06","13"
"06","13"
"06","12"
"06","12"
"06","12"
"06","11"
"06","11"
"06","10"
"06","09"
"06","09"
"06","08"
"06","08"
"06","07"
"06","06"
"06","05"
"06","05"
"06","04"
"06","04"
"06","03"
"06","03"
"06","03"
"06","02"
"06","02"
"06","02"
"06","01"
"06","01"
"06","00"
"06","00"
"06","00"
"06","23"
"06","23"
"06","22"
"06","22"
"06","21"
"06","21"
"06","21"
"06","20"
"06","20"
"06","20"
"06","20"
"06","19"
"06","19"
"06","19"
"06","19"
"06","18"
"06","18"
"06","17"
"06","17"
"06","16"
"06","16"
"06","16"
"06","16"
"06","15"
"06","15"
"06","15"
"06","14"
"06","14"
"06","14"
"06","14"
"06","13"
"06","13"
"06","13"
"06","12"
"06","12"
"06","10"
"06","09"
"06","09"
"06","04"
"06","04"
"06","03"
"06","01"
"06","01"
"06","23"
"06","21"
"06","21"
"06","20"
"06","20"
"06","19"
"06","19"
"06","18"
"06","18"
"06","18"
"06","17"
"06","17"
"06","17"
"06","17"
"06","16"
"06","16"
"06","15"
"06","15"
"06","14"
"06","14"
"06","12"
"06","11"
"06","09"
"06","08"
"06","07"
"06","06"
"06","05"
"06","04"
"06","03"
"06","03"
"06","02"
"06","01"
"06","01"
"06","00"
"06","23"
"06","22"
"06","21"
"06","21"
"06","20"
"06","20"
"06","19"
"06","18"
"06","18"
"06","17"
"06","17"
"06","16"
"06","16"
"06","15"
"06","15"
"06","15"
"06","14"
"06","14"
"06","13"
"06","12"
"06","11"
"06","10"
"06","09"
"06","08"
"06","07"
"06","06"
"06","05"
"06","04"
"06","04"
"06","03"
"06","03"
"06","03"
"06","02"
"06","02"
"06","02"
"06","01"
"06","01"
"06","00"
"06","00"
"06","23"
"06","23"
"06","23"
"06","22"
"06","22"
"06","22"
"06","21"
"06","21"
"06","21"
"06","20"
"06","20"
"06","20"
"06","20"
"06","20"
"06","19"
"06","19"
"06","19"
"06","18"
"06","18"
"06","18"
"06","18"
"06","17"
"06","17"
"06","17"
"06","17"
"06","16"
"06","16"
"06","16"
"06","15"
"06","15"
"06","15"
"06","14"
"06","14"
"06","14"
"06","13"
"06","13"
"06","13"
"06","12"
"06","12"
"06","11"
"06","11"
"06","10"
"06","09"
"06","09"
"06","08"
"06","07"
"06","06"
"06","05"
"06","05"
"06","04"
"06","03"
"06","03"
"06","02"
"06","02"
"06","01"
"06","01"
"06","01"
"06","00"
"06","00"
"06","23"
"06","23"
"06","23"
"06","22"
"06","22"
"06","21"
"06","21"
"06","21"
"06","20"
"06","20"
"06","19"
"06","19"
"06","19"
"06","18"
"06","18"
"06","18"
"06","18"
"06","17"
"06","17"
"06","16"
"06","16"
"06","16"
"06","15"
"06","15"
"06","14"
"06","14"
"06","13"
"06","13"
"06","13"
"06","12"
"06","12"
"06","11"
"06","11"
"06","10"
"06","09"
"06","08"
"06","07"
"06","06"
"06","05"
"06","04"
"06","04"
"06","03"
"06","03"
"06","02"
"06","02"
"06","01"
"06","01"
"06","00"
"06","00"
"06","23"
"06","23"
"06","22"
"06","22"
"06","21"
"06","21"
"06","21"
"06","20"
"06","20"
"06","19"
"06","19"
"06","19"
"06","19"
"06","18"
"06","18"
"06","18"
"06","17"
"06","17"
"06","16"
"06","16"
"06","16"
"06","15"
"06","15"
"06","15"
"06","14"
"06","14"
"06","13"
"06","13"
"06","12"
"06","12"
"06","11"
"06","11"
"06","11"
"06","11"
"06","10"
"06","09"
"06","08"
"06","07"
"06","07"
"06","06"
"06","05"
"06","04"
"06","04"
"06","03"
"06","03"
"06","02"
"06","02"
"06","01"
"06","01"
"06","00"
"06","00"
"06","00"
"06","23"
"06","23"
"06","22"
"06","22"
"06","21"
"06","21"
"06","21"
"06","20"
"06","20"
"06","19"
"06","19"
"06","18"
"06","18"
"06","18"
"06","17"
"06","17"
"06","17"
"06","16"
"06","16"
"06","16"
"06","15"
"06","15"
"06","15"
"06","14"
"06","14"
"06","14"
"06","13"
"06","13"
"06","13"
"06","12"
"06","12"
"06","12"
"06","11"
"06","11"
"06","10"
"06","09"
"06","09"
"06","09"
"06","08"
"06","07"
"06","06"
"06","05"
"06","04"
"06","03"
"06","03"
"06","02"
"06","02"
"06","01"
"06","01"
"06","00"
"06","00"
"06","00"
"06","00"
"06","23"
"06","23"
"06","23"
"06","22"
"06","22"
"06","21"
"06","21"
"06","21"
"06","20"
"06","20"
"06","20"
"06","19"
"06","19"
"06","19"
"06","18"
"06","18"
"06","18"
"06","18"
"06","17"
"06","17"
"06","17"
"06","16"
"06","16"
"06","15"
"06","15"
"06","15"
"06","14"
"06","14"
"06","14"
"06","13"
"06","13"
"06","12"
"06","12"
"06","11"
"06","11"
"06","10"
"06","10"
"06","09"
"06","09"
"06","09"
"06","07"
"06","06"
"06","06"
"06","05"
"06","04"
"06","03"
"06","02"
"06","01"
"06","00"
"06","23"
"06","23"
"06","22"
"06","22"
"06","21"
"06","21"
"06","20"
"06","20"
"06","19"
"06","19"
"06","18"
"06","18"
"06","17"
"06","17"
"06","16"
"06","16"
"06","15"
"06","15"
"06","14"
"06","14"
"06","13"
"06","12"
"06","12"
"06","11"
"06","10"
"06","04"
"06","03"
"06","03"
"06","02"
"06","01"
"06","01"
"06","00"
"06","23"
"06","23"
"06","21"
"06","21"
"06","20"
"06","20"
"06","19"
"06","18"
"06","18"
"06","17"
"06","16"
"06","16"
"06","15"
"06","15"
"06","14"
"06","13"
"06","13"
"06","12"
"06","11"
"06","10"
"06","09"
"06","08"
"06","07"
"06","06"
"06","05"
"06","04"
"06","03"
"06","03"
"06","02"
"06","02"
"06","02"
"06","01"
"06","01"
"06","00"
"06","00"
"06","23"
"06","23"
"06","23"
"06","22"
"06","22"
"06","21"
"06","21"
"06","21"
"06","20"
"06","20"
"06","19"
"06","19"
"06","19"
"06","18"
"06","18"
"06","18"
"06","17"
"06","17"
"06","17"
"06","16"
"06","16"
"06","16"
"06","16"
"06","15"
"06","15"
"06","15"
"06","15"
"06","14"
"06","14"
"06","14"
"06","13"
"06","13"
"06","12"
"06","12"
"06","11"
"06","10"
"06","09"
"06","08"
"06","07"
"06","06"
"06","05"
"06","04"
"06","03"
"06","03"
"06","02"
"06","02"
"06","02"
"06","01"
"06","01"
"06","01"
"06","00"
"06","00"
"06","00"
"06","23"
"06","23"
"06","22"
"06","22"
"06","22"
"06","21"
"06","20"
"06","20"
"06","20"
"06","19"
"06","19"
"06","18"
"06","18"
"06","18"
"06","17"
"06","17"
"06","16"
"06","15"
"06","15"
"06","15"
"06","14"
"06","14"
"06","14"
"06","13"
"06","13"
"06","13"
"06","12"
"06","12"
"06","11"
"06","11"
"06","10"
"06","10"
"06","09"
"06","09"
"06","08"
"06","08"
"06","08"
"06","07"
"06","06"
"06","05"
"06","04"
"06","04"
"06","03"
"06","03"
"06","02"
"06","02"
"06","01"
"06","01"
"06","01"
"06","00"
"06","00"
"06","23"
"06","23"
"06","23"
"06","22"
"06","22"
"06","21"
"06","20"
"06","20"
"06","20"
"06","19"
"06","19"
"06","19"
"06","18"
"06","18"
"06","17"
"06","17"
"06","16"
"06","16"
"06","16"
"06","16"
"06","15"
"06","15"
"06","15"
"06","14"
"06","14"
"06","13"
"06","13"
"06","13"
"06","12"
"06","12"
"06","11"
"06","11"
"06","11"
"06","10"
"06","10"
"06","10"
"06","09"
"06","08"
"06","08"
"06","07"
"06","06"
"06","05"
"06","04"
"06","04"
"06","03"
"06","03"
"06","02"
"06","02"
"06","02"
"06","01"
"06","01"
"06","01"
"06","00"
"06","00"
"06","23"
"06","23"
"06","22"
"06","22"
"06","21"
"06","21"
"06","20"
"06","20"
"06","19"
"06","19"
"06","19"
"06","18"
"06","18"
"06","18"
"06","17"
"06","17"
"06","17"
"06","17"
"06","16"
"06","16"
"06","15"
"06","15"
"06","15"
"06","15"
"06","14"
"06","14"
"06","13"
"06","13"
"06","12"
"06","12"
"06","12"
"06","11"
"06","11"
"06","11"
"06","10"
"06","09"
"06","09"
"06","08"
"06","08"
"06","07"
"06","06"
"06","05"
"06","05"
"06","04"
"06","03"
"06","03"
"06","03"
"06","02"
"06","02"
"06","02"
"06","02"
"06","01"
"06","01"
"06","01"
"06","00"
"06","00"
"06","23"
"06","23"
"06","23"
"06","23"
"06","22"
"06","22"
"06","21"
"06","21"
"06","21"
"06","20"
"06","20"
"06","20"
"06","20"
"06","19"
"06","19"
"06","19"
"06","18"
"06","18"
"06","17"
"06","17"
"06","16"
"06","16"
"06","16"
"06","16"
"06","15"
"06","15"
"06","14"
"06","14"
"06","13"
"06","13"
"06","12"
"06","12"
"06","10"
"06","09"
"06","08"
"06","06"
"06","05"
"06","04"
"06","04"
"06","04"
"06","03"
"06","03"
"06","02"
"06","01"
"06","00"
"06","23"
"06","23"
"06","22"
"06","21"
"06","21"
"06","20"
"06","19"
"06","18"
"06","18"
"06","17"
"06","17"
"06","16"
"06","16"
"06","15"
"06","15"
"06","14"
"06","14"
"06","13"
"06","12"
"06","11"
"06","09"
"06","08"
"06","06"
"06","05"
"06","04"
"06","04"
"06","03"
"06","02"
"06","01"
"06","00"
"06","23"
"06","22"
"06","21"
"06","20"
"06","19"
"06","19"
"06","18"
"06","18"
"06","18"
"06","17"
"06","16"
"06","16"
"06","15"
"06","15"
"06","13"
"06","13"
"06","13"
"06","12"
"06","12"
"06","11"
"06","10"
"06","09"
"06","08"
"06","07"
"06","06"
"06","05"
"06","04"
"06","03"
"06","02"
"06","02"
"06","01"
"06","01"
"06","00"
"06","00"
"06","23"
"06","23"
"06","22"
"06","22"
"06","22"
"06","21"
"06","21"
"06","21"
"06","21"
"06","21"
"06","20"
"06","20"
"06","20"
"06","19"
"06","19"
"06","19"
"06","18"
"06","18"
"06","18"
"06","18"
"06","17"
"06","17"
"06","17"
"06","17"
"06","16"
"06","16"
"06","16"
"06","15"
"06","15"
"06","15"
"06","15"
"06","14"
"06","14"
"06","14"
"06","13"
"06","13"
"06","12"
"06","12"
"06","11"
"06","10"
"06","09"
"06","08"
"06","07"
"06","06"
"06","05"
"06","04"
"06","04"
"06","03"
"06","03"
"06","02"
"06","02"
"06","02"
"06","01"
"06","01"
"06","00"
"06","00"
"06","23"
"06","23"
"06","22"
"06","22"
"06","21"
"06","21"
"06","21"
"06","20"
"06","20"
"06","20"
"06","19"
"06","19"
"06","18"
"06","18"
"06","23"
"06","23"
"06","22"
"06","22"
"06","21"
"06","21"
"06","20"
"06","20"
"06","20"
"06","20"
"06","19"
"06","19"
"06","18"
"06","18"
"06","17"
"06","17"
"06","16"
"06","16"
"06","16"
"06","15"
"06","15"
"06","15"
"06","14"
"06","14"
"06","13"
"06","13"
"06","12"
"06","12"
"06","11"
"06","11"
"06","11"
"06","10"
"06","10"
"06","09"
"06","08"
"06","08"
"06","07"
"06","06"
"06","05"
"06","04"
"06","03"
"06","03"
"06","02"
"06","02"
"06","01"
"06","01"
"06","01"
"06","00"
"06","00"
"06","23"
"06","23"
"06","23"
"06","22"
"06","22"
"06","22"
"06","22"
"06","21"
"06","21"
"06","21"
"06","21"
"06","20"
"06","20"
"06","20"
"06","19"
"06","19"
"06","19"
"06","19"
"06","18"
"06","18"
"06","18"
"06","18"
"06","17"
"06","17"
"06","17"
"06","16"
"06","16"
"06","16"
"06","16"
"06","15"
"06","15"
"06","15"
"06","15"
"06","14"
"06","14"
"06","13"
"06","13"
"06","12"
"06","12"
"06","10"
"06","09"
"06","05"
"06","04"
"06","04"
"06","04"
"06","03"
"06","02"
"06","01"
"06","00"
"06","00"
"05","23"
"05","22"
"05","21"
"05","21"
"05","20"
"05","20"
"05","19"
"05","19"
"05","18"
"05","18"
"05","18"
"05","17"
"05","17"
"05","17"
"05","16"
"05","16"
"05","15"
"05","15"
"05","14"
"05","14"
"05","13"
"05","12"
"05","12"
"05","11"
"05","07"
"05","04"
"05","03"
"05","02"
"05","02"
"05","01"
"05","00"
"05","23"
"05","22"
"05","22"
"05","21"
"05","21"
"05","20"
"05","19"
"05","18"
"05","17"
"05","17"
"05","16"
"05","16"
"05","15"
"05","15"
"05","14"
"05","13"
"05","12"
"05","12"
"05","11"
"05","10"
"05","09"
"05","08"
"05","07"
"05","06"
"05","05"
"05","04"
"05","04"
"05","03"
"05","03"
"05","03"
"05","02"
"05","02"
"05","01"
"05","01"
"05","00"
"05","00"
"05","23"
"05","23"
"05","23"
"05","22"
"05","22"
"05","21"
"05","21"
"05","20"
"05","20"
"05","20"
"05","19"
"05","19"
"05","18"
"05","18"
"05","17"
"05","17"
"05","17"
"05","16"
"05","16"
"05","15"
"05","15"
"05","14"
"05","14"
"05","13"
"05","13"
"05","12"
"05","12"
"05","12"
"05","11"
"05","10"
"05","09"
"05","08"
"05","07"
"05","06"
"05","05"
"05","04"
"05","03"
"05","03"
"05","02"
"05","02"
"05","01"
"05","01"
"05","00"
"05","00"
"05","00"
"05","23"
"05","23"
"05","22"
"05","22"
"05","22"
"05","21"
"05","21"
"05","20"
"05","20"
"05","20"
"05","20"
"05","20"
"05","19"
"05","18"
"05","18"
"05","17"
"05","17"
"05","16"
"05","16"
"05","16"
"05","15"
"05","15"
"05","14"
"05","14"
"05","14"
"05","14"
"05","13"
"05","13"
"05","13"
"05","12"
"05","12"
"05","11"
"05","10"
"05","09"
"05","08"
"05","07"
"05","07"
"05","06"
"05","04"
"05","04"
"05","03"
"05","03"
"05","03"
"05","03"
"05","02"
"05","02"
"05","02"
"05","01"
"05","01"
"05","00"
"05","00"
"05","23"
"05","23"
"05","22"
"05","22"
"05","21"
"05","21"
"05","21"
"05","21"
"05","21"
"05","20"
"05","20"
"05","19"
"05","19"
"05","19"
"05","18"
"05","18"
"05","18"
"05","17"
"05","17"
"05","17"
"05","16"
"05","16"
"05","15"
"05","15"
"05","14"
"05","14"
"05","13"
"05","13"
"05","12"
"05","12"
"05","11"
"05","11"
"05","11"
"05","11"
"05","10"
"05","09"
"05","08"
"05","08"
"05","07"
"05","06"
"05","05"
"05","05"
"05","04"
"05","04"
"05","03"
"05","03"
"05","02"
"05","02"
"05","01"
"05","01"
"05","00"
"05","00"
"05","23"
"05","23"
"05","22"
"05","22"
"05","22"
"05","21"
"05","21"
"05","20"
"05","20"
"05","19"
"05","19"
"05","18"
"05","18"
"05","18"
"05","18"
"05","17"
"05","17"
"05","17"
"05","17"
"05","16"
"05","16"
"05","16"
"05","16"
"05","15"
"05","15"
"05","15"
"05","14"
"05","14"
"05","14"
"05","13"
"05","13"
"05","12"
"05","12"
"05","11"
"05","10"
"05","10"
"05","09"
"05","08"
"05","07"
"05","06"
"05","05"
"05","04"
"05","03"
"05","02"
"05","02"
"05","01"
"05","01"
"05","00"
"05","00"
"05","23"
"05","22"
"05","21"
"05","21"
"05","20"
"05","20"
"05","20"
"05","19"
"05","19"
"05","19"
"05","19"
"05","18"
"05","17"
"05","17"
"05","17"
"05","16"
"05","16"
"05","15"
"05","15"
"05","15"
"05","14"
"05","14"
"05","14"
"05","13"
"05","12"
"05","11"
"05","10"
"05","09"
"05","08"
"05","08"
"05","06"
"05","05"
"05","04"
"05","04"
"05","03"
"05","03"
"05","02"
"05","02"
"05","01"
"05","01"
"05","00"
"05","00"
"05","23"
"05","23"
"05","22"
"05","22"
"05","21"
"05","21"
"05","20"
"05","20"
"05","19"
"05","18"
"05","18"
"05","17"
"05","17"
"05","16"
"05","15"
"05","15"
"05","14"
"05","14"
"05","03"
"05","00"
"05","22"
"05","21"
"05","21"
"05","20"
"05","19"
"05","18"
"05","17"
"05","17"
"05","16"
"05","16"
"05","15"
"05","15"
"05","14"
"05","14"
"05","14"
"05","13"
"05","13"
"05","12"
"05","12"
"05","11"
"05","10"
"05","09"
"05","08"
"05","07"
"05","06"
"05","05"
"05","04"
"05","03"
"05","03"
"05","02"
"05","02"
"05","01"
"05","01"
"05","01"
"05","00"
"05","00"
"05","00"
"05","23"
"05","23"
"05","22"
"05","22"
"05","21"
"05","21"
"05","20"
"05","20"
"05","20"
"05","20"
"05","19"
"05","19"
"05","19"
"05","18"
"05","18"
"05","18"
"05","17"
"05","17"
"05","16"
"05","16"
"05","15"
"05","15"
"05","14"
"05","14"
"05","14"
"05","13"
"05","12"
"05","11"
"05","10"
"05","09"
"05","08"
"05","07"
"05","06"
"05","05"
"05","04"
"05","03"
"05","02"
"05","02"
"05","01"
"05","01"
"05","00"
"05","00"
"05","23"
"05","22"
"05","22"
"05","21"
"05","21"
"05","20"
"05","20"
"05","19"
"05","18"
"05","18"
"05","18"
"05","18"
"05","17"
"05","17"
"05","17"
"05","16"
"05","16"
"05","16"
"05","15"
"05","15"
"05","14"
"05","14"
"05","13"
"05","13"
"05","13"
"05","12"
"05","12"
"05","11"
"05","10"
"05","09"
"05","08"
"05","07"
"05","06"
"05","06"
"05","05"
"05","05"
"05","05"
"05","04"
"05","03"
"05","03"
"05","02"
"05","02"
"05","01"
"05","01"
"05","00"
"05","00"
"05","23"
"05","23"
"05","22"
"05","22"
"05","21"
"05","21"
"05","21"
"05","20"
"05","20"
"05","20"
"05","19"
"05","18"
"05","18"
"05","18"
"05","17"
"05","17"
"05","16"
"05","16"
"05","15"
"05","15"
"05","15"
"05","14"
"05","14"
"05","13"
"05","13"
"05","12"
"05","12"
"05","11"
"05","10"
"05","09"
"05","08"
"05","08"
"05","06"
"05","06"
"05","06"
"05","05"
"05","04"
"05","03"
"05","03"
"05","02"
"05","02"
"05","01"
"05","01"
"05","01"
"05","00"
"05","00"
"05","23"
"05","23"
"05","23"
"05","22"
"05","22"
"05","21"
"05","21"
"05","20"
"05","20"
"05","19"
"05","19"
"05","19"
"05","18"
"05","18"
"05","18"
"05","18"
"05","17"
"05","17"
"05","16"
"05","16"
"05","16"
"05","15"
"05","15"
"05","14"
"05","14"
"05","13"
"05","13"
"05","12"
"05","12"
"05","11"
"05","10"
"05","09"
"05","08"
"05","07"
"05","06"
"05","05"
"05","04"
"05","03"
"05","03"
"05","02"
"05","02"
"05","01"
"05","01"
"05","01"
"05","01"
"05","00"
"05","00"
"05","23"
"05","23"
"05","22"
"05","22"
"05","21"
"05","21"
"05","20"
"05","20"
"05","19"
"05","19"
"05","18"
"05","18"
"05","17"
"05","17"
"05","17"
"05","16"
"05","16"
"05","15"
"05","15"
"05","14"
"05","14"
"05","13"
"05","13"
"05","12"
"05","12"
"05","11"
"05","10"
"05","10"
"05","09"
"05","05"
"05","05"
"05","05"
"05","04"
"05","04"
"05","03"
"05","02"
"05","01"
"05","01"
"05","00"
"05","00"
"05","00"
"05","23"
"05","22"
"05","21"
"05","21"
"05","20"
"05","20"
"05","19"
"05","19"
"05","18"
"05","18"
"05","17"
"05","17"
"05","16"
"05","16"
"05","16"
"05","15"
"05","15"
"05","15"
"05","14"
"05","14"
"05","13"
"05","13"
"05","12"
"05","11"
"05","11"
"05","09"
"05","08"
"05","07"
"05","05"
"05","04"
"05","04"
"05","03"
"05","03"
"05","02"
"05","02"
"05","01"
"05","00"
"05","00"
"05","23"
"05","23"
"05","22"
"05","22"
"05","21"
"05","21"
"05","20"
"05","20"
"05","20"
"05","19"
"05","19"
"05","18"
"05","18"
"05","18"
"05","17"
"05","17"
"05","16"
"05","16"
"05","15"
"05","15"
"05","14"
"05","14"
"05","14"
"05","13"
"05","13"
"05","12"
"05","11"
"05","10"
"05","09"
"05","08"
"05","07"
"05","06"
"05","05"
"05","04"
"05","03"
"05","02"
"05","02"
"05","01"
"05","01"
"05","00"
"05","00"
"05","23"
"05","23"
"05","22"
"05","22"
"05","22"
"05","21"
"05","21"
"05","20"
"05","20"
"05","19"
"05","19"
"05","19"
"05","19"
"05","18"
"05","18"
"05","18"
"05","17"
"05","17"
"05","16"
"05","15"
"05","15"
"05","15"
"05","14"
"05","14"
"05","13"
"05","13"
"05","13"
"05","13"
"05","12"
"05","12"
"05","11"
"05","10"
"05","09"
"05","08"
"05","07"
"05","06"
"05","06"
"05","05"
"05","04"
"05","03"
"05","03"
"05","02"
"05","02"
"05","01"
"05","01"
"05","00"
"05","00"
"05","23"
"05","23"
"05","22"
"05","22"
"05","22"
"05","21"
"05","20"
"05","20"
"05","19"
"05","19"
"05","18"
"05","18"
"05","17"
"05","17"
"05","16"
"05","16"
"05","16"
"05","16"
"05","15"
"05","15"
"05","14"
"05","14"
"05","13"
"05","13"
"05","12"
"05","12"
"05","12"
"05","11"
"05","11"
"05","10"
"05","09"
"05","08"
"05","07"
"05","06"
"05","05"
"05","04"
"05","04"
"05","03"
"05","03"
"05","02"
"05","02"
"05","02"
"05","02"
"05","01"
"05","01"
"05","00"
"05","00"
"05","23"
"05","23"
"05","22"
"05","22"
"05","21"
"05","21"
"05","21"
"05","20"
"05","20"
"05","20"
"05","19"
"05","19"
"05","19"
"05","18"
"05","18"
"05","18"
"05","17"
"05","17"
"05","17"
"05","16"
"05","16"
"05","15"
"05","15"
"05","15"
"05","14"
"05","14"
"05","14"
"05","13"
"05","11"
"05","10"
"05","09"
"05","09"
"05","08"
"05","07"
"05","06"
"05","05"
"05","05"
"05","05"
"05","04"
"05","03"
"05","03"
"05","03"
"05","02"
"05","02"
"05","01"
"05","01"
"05","00"
"05","00"
"05","23"
"05","23"
"05","22"
"05","22"
"05","22"
"05","21"
"05","21"
"05","21"
"05","21"
"05","20"
"05","20"
"05","19"
"05","19"
"05","19"
"05","18"
"05","18"
"05","17"
"05","17"
"05","17"
"05","16"
"05","16"
"05","16"
"05","15"
"05","15"
"05","15"
"05","14"
"05","14"
"05","13"
"05","13"
"05","12"
"05","12"
"05","11"
"05","11"
"05","10"
"05","09"
"05","08"
"05","08"
"05","07"
"05","06"
"05","05"
"05","04"
"05","04"
"05","03"
"05","03"
"05","02"
"05","02"
"05","01"
"05","01"
"05","00"
"05","00"
"05","23"
"05","23"
"05","22"
"05","22"
"05","21"
"05","21"
"05","20"
"05","20"
"05","20"
"05","19"
"05","19"
"05","19"
"05","19"
"05","18"
"05","18"
"05","18"
"05","17"
"05","17"
"05","17"
"05","17"
"05","16"
"05","16"
"05","15"
"05","15"
"05","15"
"05","15"
"05","14"
"05","14"
"05","14"
"05","14"
"05","13"
"05","13"
"05","12"
"05","12"
"05","12"
"05","12"
"05","11"
"05","10"
"05","10"
"05","06"
"05","05"
"05","23"
"05","23"
"05","22"
"05","22"
"05","21"
"05","20"
"05","19"
"05","19"
"05","18"
"05","17"
"05","16"
"05","16"
"05","15"
"05","14"
"05","14"
"05","13"
"05","12"
"05","11"
"05","10"
"05","09"
"05","08"
"05","07"
"05","06"
"05","05"
"05","04"
"05","04"
"05","03"
"05","02"
"05","02"
"05","01"
"05","01"
"05","00"
"05","00"
"05","23"
"05","23"
"05","23"
"05","22"
"05","22"
"05","21"
"05","21"
"05","21"
"05","20"
"05","20"
"05","19"
"05","19"
"05","19"
"05","18"
"05","18"
"05","18"
"05","17"
"05","17"
"05","17"
"05","16"
"05","16"
"05","16"
"05","15"
"05","15"
"05","15"
"05","14"
"05","14"
"05","14"
"05","13"
"05","13"
"05","12"
"05","12"
"05","12"
"05","11"
"05","10"
"05","09"
"05","08"
"05","07"
"05","06"
"05","05"
"05","04"
"05","04"
"05","03"
"05","03"
"05","02"
"05","02"
"05","01"
"05","01"
"05","01"
"05","00"
"05","00"
"04","23"
"04","23"
"04","23"
"04","22"
"04","22"
"04","20"
"04","20"
"04","19"
"04","19"
"04","18"
"04","17"
"04","17"
"04","17"
"04","16"
"04","16"
"04","15"
"04","15"
"04","15"
"04","15"
"04","14"
"04","14"
"04","14"
"04","13"
"04","13"
"04","12"
"04","12"
"04","11"
"04","11"
"04","10"
"04","09"
"04","08"
"04","07"
"04","06"
"04","05"
"04","05"
"04","04"
"04","03"
"04","03"
"04","02"
"04","02"
"04","01"
"04","01"
"04","00"
"04","00"
"04","23"
"04","23"
"04","23"
"04","22"
"04","22"
"04","21"
"04","21"
"04","21"
"04","20"
"04","20"
"04","20"
"04","20"
"04","19"
"04","19"
"04","19"
"04","18"
"04","18"
"04","17"
"04","17"
"04","17"
"04","17"
"04","16"
"04","16"
"04","16"
"04","15"
"04","15"
"04","15"
"04","14"
"04","14"
"04","14"
"04","13"
"04","13"
"04","12"
"04","12"
"04","11"
"04","10"
"04","10"
"04","09"
"04","08"
"04","07"
"04","06"
"04","05"
"04","04"
"04","04"
"04","03"
"04","03"
"04","02"
"04","02"
"04","01"
"04","01"
"04","00"
"04","00"
"04","23"
"04","23"
"04","22"
"04","22"
"04","21"
"04","21"
"04","21"
"04","21"
"04","20"
"04","20"
"04","20"
"04","19"
"04","19"
"04","19"
"04","18"
"04","18"
"04","18"
"04","18"
"04","18"
"04","17"
"04","17"
"04","17"
"04","17"
"04","16"
"04","16"
"04","16"
"04","16"
"04","15"
"04","15"
"04","15"
"04","15"
"04","14"
"04","14"
"04","14"
"04","13"
"04","13"
"04","13"
"04","12"
"04","12"
"04","09"
"04","08"
"04","07"
"04","06"
"04","05"
"04","05"
"04","05"
"04","04"
"04","04"
"04","03"
"04","02"
"04","02"
"04","02"
"04","01"
"04","01"
"04","00"
"04","23"
"04","23"
"04","23"
"04","22"
"04","22"
"04","22"
"04","22"
"04","21"
"04","21"
"04","21"
"04","21"
"04","20"
"04","20"
"04","20"
"04","19"
"04","19"
"04","19"
"04","18"
"04","18"
"04","18"
"04","17"
"04","17"
"04","17"
"04","16"
"04","16"
"04","16"
"04","15"
"04","15"
"04","15"
"04","15"
"04","14"
"04","14"
"04","14"
"04","13"
"04","13"
"04","12"
"04","12"
"04","12"
"04","11"
"04","11"
"04","10"
"04","10"
"04","09"
"04","09"
"04","08"
"04","06"
"04","05"
"04","05"
"04","04"
"04","03"
"04","02"
"04","02"
"04","01"
"04","00"
"04","23"
"04","22"
"04","21"
"04","21"
"04","20"
"04","20"
"04","19"
"04","19"
"04","18"
"04","18"
"04","18"
"04","17"
"04","17"
"04","16"
"04","16"
"04","16"
"04","15"
"04","15"
"04","14"
"04","13"
"04","13"
"04","12"
"04","11"
"04","11"
"04","11"
"04","11"
"04","10"
"04","08"
"04","06"
"04","06"
"04","05"
"04","04"
"04","04"
"04","03"
"04","03"
"04","02"
"04","02"
"04","02"
"04","01"
"04","01"
"04","00"
"04","00"
"04","23"
"04","23"
"04","23"
"04","22"
"04","22"
"04","21"
"04","21"
"04","21"
"04","20"
"04","19"
"04","18"
"04","17"
"04","17"
"04","16"
"04","15"
"04","15"
"04","14"
"04","13"
"04","10"
"04","10"
"04","10"
"04","09"
"04","08"
"04","07"
"04","06"
"04","05"
"04","05"
"04","04"
"04","04"
"04","03"
"04","03"
"04","02"
"04","02"
"04","01"
"04","01"
"04","01"
"04","00"
"04","00"
"04","23"
"04","23"
"04","22"
"04","22"
"04","21"
"04","20"
"04","20"
"04","19"
"04","19"
"04","18"
"04","18"
"04","17"
"04","17"
"04","17"
"04","16"
"04","16"
"04","16"
"04","15"
"04","15"
"04","14"
"04","14"
"04","13"
"04","13"
"04","12"
"04","12"
"04","12"
"04","12"
"04","11"
"04","10"
"04","09"
"04","08"
"04","07"
"04","06"
"04","05"
"04","04"
"04","03"
"04","02"
"04","01"
"04","01"
"04","01"
"04","00"
"04","00"
"04","23"
"04","23"
"04","22"
"04","22"
"04","21"
"04","21"
"04","21"
"04","21"
"04","20"
"04","20"
"04","20"
"04","20"
"04","19"
"04","19"
"04","19"
"04","19"
"04","18"
"04","18"
"04","18"
"04","18"
"04","17"
"04","17"
"04","17"
"04","16"
"04","16"
"04","16"
"04","16"
"04","15"
"04","15"
"04","15"
"04","14"
"04","14"
"04","14"
"04","13"
"04","13"
"04","12"
"04","12"
"04","12"
"04","11"
"04","10"
"04","09"
"04","08"
"04","07"
"04","06"
"04","05"
"04","05"
"04","04"
"04","04"
"04","03"
"04","03"
"04","03"
"04","02"
"04","02"
"04","01"
"04","01"
"04","00"
"04","00"
"04","23"
"04","23"
"04","22"
"04","22"
"04","21"
"04","21"
"04","21"
"04","20"
"04","20"
"04","20"
"04","20"
"04","19"
"04","19"
"04","19"
"04","19"
"04","18"
"04","18"
"04","17"
"04","17"
"04","16"
"04","16"
"04","15"
"04","15"
"04","14"
"04","14"
"04","13"
"04","13"
"04","12"
"04","12"
"04","12"
"04","11"
"04","10"
"04","10"
"04","09"
"04","08"
"04","07"
"04","06"
"04","05"
"04","04"
"04","04"
"04","03"
"04","03"
"04","02"
"04","02"
"04","01"
"04","01"
"04","00"
"04","00"
"04","23"
"04","23"
"04","22"
"04","22"
"04","21"
"04","21"
"04","21"
"04","20"
"04","20"
"04","20"
"04","19"
"04","19"
"04","18"
"04","18"
"04","18"
"04","17"
"04","17"
"04","16"
"04","16"
"04","16"
"04","15"
"04","15"
"04","15"
"04","15"
"04","14"
"04","14"
"04","13"
"04","13"
"04","12"
"04","12"
"04","12"
"04","11"
"04","11"
"04","10"
"04","09"
"04","08"
"04","07"
"04","06"
"04","05"
"04","04"
"04","03"
"04","03"
"04","02"
"04","02"
"04","01"
"04","01"
"04","00"
"04","00"
"04","23"
"04","23"
"04","22"
"04","22"
"04","22"
"04","21"
"04","21"
"04","21"
"04","21"
"04","21"
"04","20"
"04","20"
"04","20"
"04","20"
"04","19"
"04","19"
"04","19"
"04","18"
"04","18"
"04","18"
"04","17"
"04","17"
"04","16"
"04","16"
"04","16"
"04","16"
"04","16"
"04","15"
"04","15"
"04","15"
"04","15"
"04","14"
"04","14"
"04","14"
"04","13"
"04","13"
"04","13"
"04","13"
"04","12"
"04","12"
"04","11"
"04","10"
"04","10"
"04","09"
"04","09"
"04","04"
"04","04"
"04","03"
"04","02"
"04","02"
"04","01"
"04","00"
"04","00"
"04","23"
"04","22"
"04","21"
"04","21"
"04","20"
"04","20"
"04","20"
"04","19"
"04","19"
"04","18"
"04","18"
"04","17"
"04","17"
"04","16"
"04","16"
"04","15"
"04","15"
"04","15"
"04","14"
"04","14"
"04","13"
"04","13"
"04","12"
"04","11"
"04","10"
"04","09"
"04","08"
"04","07"
"04","06"
"04","05"
"04","04"
"04","03"
"04","02"
"04","01"
"04","00"
"04","23"
"04","22"
"04","21"
"04","20"
"04","20"
"04","19"
"04","19"
"04","18"
"04","18"
"04","18"
"04","17"
"04","17"
"04","17"
"04","17"
"04","16"
"04","16"
"04","16"
"04","15"
"04","15"
"04","14"
"04","14"
"04","14"
"04","13"
"04","12"
"04","11"
"04","10"
"04","09"
"04","08"
"04","07"
"04","06"
"04","05"
"04","04"
"04","03"
"04","02"
"04","01"
"04","01"
"04","00"
"04","00"
"04","23"
"04","23"
"04","22"
"04","22"
"04","22"
"04","21"
"04","21"
"04","21"
"04","20"
"04","20"
"04","20"
"04","19"
"04","19"
"04","19"
"04","19"
"04","18"
"04","18"
"04","18"
"04","17"
"04","17"
"04","17"
"04","16"
"04","16"
"04","15"
"04","15"
"04","15"
"04","14"
"04","14"
"04","13"
"04","13"
"04","12"
"04","12"
"04","12"
"04","11"
"04","10"
"04","09"
"04","08"
"04","07"
"04","06"
"04","05"
"04","04"
"04","03"
"04","03"
"04","02"
"04","02"
"04","01"
"04","01"
"04","00"
"04","00"
"04","23"
"04","23"
"04","22"
"04","22"
"04","21"
"04","21"
"04","21"
"04","20"
"04","20"
"04","19"
"04","19"
"04","19"
"04","19"
"04","18"
"04","18"
"04","18"
"04","18"
"04","17"
"04","17"
"04","17"
"04","17"
"04","17"
"04","17"
"04","17"
"04","17"
"04","17"
"04","17"
"04","17"
"04","17"
"04","17"
"04","17"
"04","16"
"04","16"
"04","16"
"04","15"
"04","15"
"04","14"
"04","14"
"04","13"
"04","13"
"04","12"
"04","12"
"04","11"
"04","10"
"04","09"
"04","08"
"04","07"
"04","06"
"04","05"
"04","04"
"04","03"
"04","03"
"04","02"
"04","02"
"04","01"
"04","01"
"04","00"
"04","00"
"04","23"
"04","23"
"04","22"
"04","22"
"04","22"
"04","21"
"04","21"
"04","21"
"04","20"
"04","20"
"04","20"
"04","20"
"04","19"
"04","19"
"04","19"
"04","18"
"04","18"
"04","18"
"04","17"
"04","17"
"04","17"
"04","17"
"04","16"
"04","16"
"04","16"
"04","16"
"04","15"
"04","15"
"04","15"
"04","15"
"04","14"
"04","14"
"04","14"
"04","13"
"04","13"
"04","12"
"04","12"
"04","12"
"04","11"
"04","11"
"04","10"
"04","09"
"04","08"
"04","07"
"04","06"
"04","05"
"04","05"
"04","04"
"04","03"
"04","03"
"04","02"
"04","02"
"04","01"
"04","01"
"04","00"
"04","00"
"04","23"
"04","23"
"04","22"
"04","22"
"04","21"
"04","21"
"04","20"
"04","20"
"04","20"
"04","20"
"04","19"
"04","19"
"04","19"
"04","19"
"04","18"
"04","18"
"04","17"
"04","17"
"04","17"
"04","17"
"04","16"
"04","16"
"04","16"
"04","15"
"04","15"
"04","15"
"04","15"
"04","14"
"04","14"
"04","13"
"04","13"
"04","12"
"04","12"
"04","11"
"04","11"
"04","10"
"04","10"
"04","09"
"04","08"
"04","07"
"04","06"
"04","05"
"04","04"
"04","03"
"04","03"
"04","02"
"04","02"
"04","01"
"04","01"
"04","00"
"04","00"
"04","23"
"04","23"
"04","23"
"04","23"
"04","22"
"04","22"
"04","21"
"04","21"
"04","20"
"04","20"
"04","20"
"04","19"
"04","19"
"04","19"
"04","18"
"04","18"
"04","18"
"04","17"
"04","17"
"04","17"
"04","16"
"04","16"
"04","16"
"04","15"
"04","15"
"04","14"
"04","14"
"04","13"
"04","13"
"04","12"
"04","12"
"04","12"
"04","11"
"04","10"
"04","10"
"04","09"
"04","04"
"04","03"
"04","02"
"04","02"
"04","02"
"04","01"
"04","00"
"04","00"
"04","23"
"04","23"
"04","22"
"04","21"
"04","21"
"04","21"
"04","20"
"04","20"
"04","19"
"04","19"
"04","18"
"04","18"
"04","17"
"04","17"
"04","17"
"04","16"
"04","16"
"04","15"
"04","15"
"04","14"
"04","14"
"04","13"
"04","13"
"04","11"
"04","05"
"04","04"
"04","03"
"04","02"
"04","01"
"04","00"
"04","23"
"04","22"
"04","21"
"04","21"
"04","20"
"04","19"
"04","18"
"04","17"
"04","17"
"04","16"
"04","16"
"04","15"
"04","15"
"04","14"
"04","13"
